"FullName","Extension","Length","LastWriteTime"
"C:\Users\Rand Sobczak Jr\_rts\3_AI\the_Spine\data\canonical\us_macro_panel_weekly_canonical.parquet",".parquet","35896","12/30/2025 7:17:07 AM"
"C:\Users\Rand Sobczak Jr\_rts\3_AI\the_Spine\data\cot\COT_VinV_data.parquet",".parquet","49684393","12/30/2025 7:17:08 AM"
"C:\Users\Rand Sobczak Jr\_rts\3_AI\the_Spine\data\cot\COT_VinV_indexes_1989_2025.csv",".csv","284759","12/30/2025 7:17:08 AM"
"C:\Users\Rand Sobczak Jr\_rts\3_AI\the_Spine\data\cot\COT_VinV_indexes_1989_2025.parquet",".parquet","145991","12/30/2025 7:17:08 AM"
"C:\Users\Rand Sobczak Jr\_rts\3_AI\the_Spine\data\cot\COT_VinV_indexes_1989_2025_monthly.csv",".csv","69322","12/30/2025 7:17:08 AM"
"C:\Users\Rand Sobczak Jr\_rts\3_AI\the_Spine\data\cot\COT_VinV_indexes_1989_2025_monthly.parquet",".parquet","39229","12/30/2025 7:17:08 AM"
"C:\Users\Rand Sobczak Jr\_rts\3_AI\the_Spine\data\cot\COT_VinV_weekly_1989_2025.parquet",".parquet","45725491","12/30/2025 7:17:08 AM"
"C:\Users\Rand Sobczak Jr\_rts\3_AI\the_Spine\data\cot_OLD\cleaned_cot_data.parquet",".parquet","18879","12/30/2025 7:17:08 AM"
"C:\Users\Rand Sobczak Jr\_rts\3_AI\the_Spine\data\cot_OLD\cot_features_monthly_hybrid.parquet",".parquet","442204","12/30/2025 7:17:08 AM"
"C:\Users\Rand Sobczak Jr\_rts\3_AI\the_Spine\data\cot_OLD\cot_store_block4.parquet",".parquet","318335","12/30/2025 7:17:08 AM"
"C:\Users\Rand Sobczak Jr\_rts\3_AI\the_Spine\data\cot_OLD\cot_store_weekly_unified.parquet",".parquet","2990168","12/30/2025 7:17:08 AM"
"C:\Users\Rand Sobczak Jr\_rts\3_AI\the_Spine\data\cot_OLD\cot_store_weekly_unified_filled.parquet",".parquet","3088444","12/30/2025 7:17:08 AM"
"C:\Users\Rand Sobczak Jr\_rts\3_AI\the_Spine\data\cot_OLD\cot_store_weekly_unified_filled_with_COT.parquet",".parquet","3037903","12/30/2025 7:17:08 AM"
"C:\Users\Rand Sobczak Jr\_rts\3_AI\the_Spine\data\cot_OLD\filtered_cot_data_2025.parquet",".parquet","93467","12/30/2025 7:17:08 AM"
"C:\Users\Rand Sobczak Jr\_rts\3_AI\the_Spine\data\cot_OLD\filtered_wheat_cot_data.parquet",".parquet","11973","12/30/2025 7:17:08 AM"
"C:\Users\Rand Sobczak Jr\_rts\3_AI\the_Spine\data\cot_OLD\final_cot_data_2025.parquet",".parquet","93467","12/30/2025 7:17:08 AM"
"C:\Users\Rand Sobczak Jr\_rts\3_AI\the_Spine\data\cot_OLD\updated_cot_data.parquet",".parquet","3833612","12/30/2025 7:17:08 AM"
"C:\Users\Rand Sobczak Jr\_rts\3_AI\the_Spine\data\cot_OLD\block4\cot_block4_1986_1989_monthly.parquet",".parquet","189240","12/30/2025 7:17:08 AM"
"C:\Users\Rand Sobczak Jr\_rts\3_AI\the_Spine\data\cot_OLD\block4\cot_block4_1986_1989_weekly_std.parquet",".parquet","318335","12/30/2025 7:17:08 AM"
"C:\Users\Rand Sobczak Jr\_rts\3_AI\the_Spine\data\cot_OLD\raw\block4_1986_1989\deacot1986.zip",".zip","289405","12/30/2025 7:17:08 AM"
"C:\Users\Rand Sobczak Jr\_rts\3_AI\the_Spine\data\cot_OLD\raw\block4_1986_1989\deacot1986_2016.zip",".zip","22917636","12/30/2025 7:17:09 AM"
"C:\Users\Rand Sobczak Jr\_rts\3_AI\the_Spine\data\cot_OLD\raw\block4_1986_1989\deacot1987.zip",".zip","291210","12/30/2025 7:17:09 AM"
"C:\Users\Rand Sobczak Jr\_rts\3_AI\the_Spine\data\cot_OLD\raw\block4_1986_1989\deacot1988.zip",".zip","292587","12/30/2025 7:17:09 AM"
"C:\Users\Rand Sobczak Jr\_rts\3_AI\the_Spine\data\cot_OLD\raw\block4_1986_1989\deacot1989.zip",".zip","302257","12/30/2025 7:17:09 AM"
"C:\Users\Rand Sobczak Jr\_rts\3_AI\the_Spine\data\cot_OLD\raw\block4_1986_1989\deafut_xls_1986.zip",".zip","520073","12/30/2025 7:17:09 AM"
"C:\Users\Rand Sobczak Jr\_rts\3_AI\the_Spine\data\cot_OLD\raw\block4_1986_1989\deafut_xls_1986_2016.zip",".zip","44467616","12/30/2025 7:17:09 AM"
"C:\Users\Rand Sobczak Jr\_rts\3_AI\the_Spine\data\cot_OLD\raw\block4_1986_1989\deafut_xls_1987.zip",".zip","520864","12/30/2025 7:17:09 AM"
"C:\Users\Rand Sobczak Jr\_rts\3_AI\the_Spine\data\cot_OLD\raw\block4_1986_1989\deafut_xls_1988.zip",".zip","521638","12/30/2025 7:17:09 AM"
"C:\Users\Rand Sobczak Jr\_rts\3_AI\the_Spine\data\cot_OLD\raw\block4_1986_1989\deafut_xls_1989.zip",".zip","541299","12/30/2025 7:17:09 AM"
"C:\Users\Rand Sobczak Jr\_rts\3_AI\the_Spine\data\cot_OLD\raw\block4_1986_1989\extracted_data\Annual.TXT",".TXT","1414217","12/30/2025 7:17:09 AM"
"C:\Users\Rand Sobczak Jr\_rts\3_AI\the_Spine\data\ism\ism_pmi_transp.xlsx",".xlsx","365794","12/30/2025 7:17:09 AM"
"C:\Users\Rand Sobczak Jr\_rts\3_AI\the_Spine\data\market\etf_returns_monthly_tiingo.parquet",".parquet","18291","12/30/2025 7:17:09 AM"
"C:\Users\Rand Sobczak Jr\_rts\3_AI\the_Spine\data\market\_tiingo_cache\IWD_1990-01-01_latest.json",".json","1803889","12/30/2025 7:17:09 AM"
"C:\Users\Rand Sobczak Jr\_rts\3_AI\the_Spine\data\market\_tiingo_cache\IWF_1990-01-01_latest.json",".json","1804333","12/30/2025 7:17:09 AM"
"C:\Users\Rand Sobczak Jr\_rts\3_AI\the_Spine\data\market\_tiingo_cache\RPV_1990-01-01_latest.json",".json","1370243","12/30/2025 7:17:09 AM"
"C:\Users\Rand Sobczak Jr\_rts\3_AI\the_Spine\data\market\_tiingo_cache\SPY_1990-01-01_latest.json",".json","2414943","12/30/2025 7:17:09 AM"
"C:\Users\Rand Sobczak Jr\_rts\3_AI\the_Spine\data\raw\ism_pmi_transp.xlsx",".xlsx","391956","4/14/2026 11:02:23 AM"
"C:\Users\Rand Sobczak Jr\_rts\3_AI\the_Spine\data\serving\equities\equities_sigma_rank.json",".json","1150","4/26/2026 5:31:43 PM"
"C:\Users\Rand Sobczak Jr\_rts\3_AI\the_Spine\data\serving\equities\etf_no_composite.json",".json","72110","4/17/2026 6:16:31 PM"
"C:\Users\Rand Sobczak Jr\_rts\3_AI\the_Spine\data\serving\equities\etf_pmi_breadth_by_etf.json",".json","64045","4/14/2026 5:25:41 PM"
"C:\Users\Rand Sobczak Jr\_rts\3_AI\the_Spine\data\serving\equities\etf_pmi_composite.json",".json","1051363","4/16/2026 9:04:32 PM"
"C:\Users\Rand Sobczak Jr\_rts\3_AI\the_Spine\data\serving\equities\etf_pmi_composite.parquet",".parquet","3673","4/14/2026 5:40:18 PM"
"C:\Users\Rand Sobczak Jr\_rts\3_AI\the_Spine\data\serving\equities\industry_panel_serving.json",".json","95276","4/21/2026 11:48:25 AM"
"C:\Users\Rand Sobczak Jr\_rts\3_AI\the_Spine\data\serving\equities\upload_equities_serving_json_to_r2.py",".py","2364","4/16/2026 5:18:32 PM"
"C:\Users\Rand Sobczak Jr\_rts\3_AI\the_Spine\data\serving\equities\us_equity_index_data.json",".json","2004701","4/26/2026 5:31:42 PM"
"C:\Users\Rand Sobczak Jr\_rts\3_AI\the_Spine\data\serving\equities\us_sector_etf_data.json",".json","4233105","4/21/2026 1:41:49 PM"
"C:\Users\Rand Sobczak Jr\_rts\3_AI\the_Spine\data\serving\fx\fx_price_data.json",".json","3865355","4/26/2026 4:09:05 PM"
"C:\Users\Rand Sobczak Jr\_rts\3_AI\the_Spine\data\serving\fx\fx_sigma_data.json",".json","2270","4/26/2026 4:09:05 PM"
"C:\Users\Rand Sobczak Jr\_rts\3_AI\the_Spine\data\serving\fx\fx_spreads_data.json",".json","1222341","4/26/2026 4:09:05 PM"
"C:\Users\Rand Sobczak Jr\_rts\3_AI\the_Spine\data\serving\rates\rates_curve_data.json",".json","443126","4/23/2026 3:45:09 PM"
"C:\Users\Rand Sobczak Jr\_rts\3_AI\the_Spine\data\serving\rates\rates_curve_global.json",".json","818685","4/23/2026 3:45:09 PM"
"C:\Users\Rand Sobczak Jr\_rts\3_AI\the_Spine\data\serving\rates\rates_long_end_global.json",".json","0","4/24/2026 3:49:25 PM"
"C:\Users\Rand Sobczak Jr\_rts\3_AI\the_Spine\data\serving\rates\rates_policy_pressure_data.json",".json","2342437","4/23/2026 3:45:09 PM"
"C:\Users\Rand Sobczak Jr\_rts\3_AI\the_Spine\data\serving\rates\rates_selected_global_panel.json",".json","5498506","4/25/2026 4:00:05 PM"
"C:\Users\Rand Sobczak Jr\_rts\3_AI\the_Spine\data\serving\rates\rates_sigma_rank.json",".json","2316025","4/25/2026 4:15:41 PM"
"C:\Users\Rand Sobczak Jr\_rts\3_AI\the_Spine\data\serving\rates\rates_spread_data.json",".json","452369","4/23/2026 3:45:09 PM"
"C:\Users\Rand Sobczak Jr\_rts\3_AI\the_Spine\data\serving\rates\rates_spread_global.json",".json","1410134","4/23/2026 3:45:09 PM"
"C:\Users\Rand Sobczak Jr\_rts\3_AI\the_Spine\data\serving\rates\china\china_policy.json",".json","48776","4/24/2026 3:54:32 PM"
"C:\Users\Rand Sobczak Jr\_rts\3_AI\the_Spine\data\serving\rates\china\china_y10_proxy.json",".json","20525","4/24/2026 4:02:03 PM"
"C:\Users\Rand Sobczak Jr\_rts\3_AI\the_Spine\data\serving\wti\wti_inflation_pressure.json",".json","317326","4/15/2026 5:13:49 PM"
"C:\Users\Rand Sobczak Jr\_rts\3_AI\the_Spine\data\serving\wti\wti_inventory.json",".json","222911","4/26/2026 2:27:51 PM"
"C:\Users\Rand Sobczak Jr\_rts\3_AI\the_Spine\data\serving\wti\wti_inventory_oc_overlay.json",".json","143","4/26/2026 6:53:17 PM"
"C:\Users\Rand Sobczak Jr\_rts\3_AI\the_Spine\data\serving\wti\wti_panel.json",".json","676536","4/26/2026 2:27:51 PM"
"C:\Users\Rand Sobczak Jr\_rts\3_AI\the_Spine\data\serving\wti\wti_price_data.json",".json","403171","4/26/2026 2:27:51 PM"
"C:\Users\Rand Sobczak Jr\_rts\3_AI\the_Spine\data\serving\wti\wti_sigma_rank.json",".json","251068","4/15/2026 5:13:49 PM"
"C:\Users\Rand Sobczak Jr\_rts\3_AI\the_Spine\data\serving_build\industry_no_normalized.parquet",".parquet","4611","4/21/2026 9:23:27 AM"
"C:\Users\Rand Sobczak Jr\_rts\3_AI\the_Spine\data\serving_build\industry_panel_serving.csv",".csv","21700","4/21/2026 11:48:24 AM"
"C:\Users\Rand Sobczak Jr\_rts\3_AI\the_Spine\data\serving_build\industry_panel_serving.parquet",".parquet","10336","4/21/2026 11:48:24 AM"
"C:\Users\Rand Sobczak Jr\_rts\3_AI\the_Spine\data\serving_build\industry_pmi_normalized.parquet",".parquet","9031","4/21/2026 9:23:27 AM"
"C:\Users\Rand Sobczak Jr\_rts\3_AI\the_Spine\data\serving_build\industry_sig_wt.parquet",".parquet","4284","4/21/2026 11:02:24 AM"
"C:\Users\Rand Sobczak Jr\_rts\3_AI\the_Spine\data\spine_us\us_cftc_cot_factors_canonical.parquet",".parquet","35896","12/30/2025 7:17:09 AM"
"C:\Users\Rand Sobczak Jr\_rts\3_AI\the_Spine\data\spine_us\us_cftc_cot_tff_canonical.parquet",".parquet","3841212","12/30/2025 7:17:09 AM"
"C:\Users\Rand Sobczak Jr\_rts\3_AI\the_Spine\data\spine_us\us_equity_vinv_canonical.parquet",".parquet","4407","12/30/2025 7:17:09 AM"
"C:\Users\Rand Sobczak Jr\_rts\3_AI\the_Spine\data\spine_us\us_fx_10y_spreads.parquet",".parquet","99586","4/8/2026 9:06:33 PM"
"C:\Users\Rand Sobczak Jr\_rts\3_AI\the_Spine\data\spine_us\us_fx_spot_cross_t2.parquet",".parquet","457232","4/9/2026 3:02:39 PM"
"C:\Users\Rand Sobczak Jr\_rts\3_AI\the_Spine\data\spine_us\us_spine_core_wti.png",".png","116271","12/30/2025 7:17:09 AM"
"C:\Users\Rand Sobczak Jr\_rts\3_AI\the_Spine\data\spine_us\us_wti_inventory_canonical.parquet",".parquet","31370","12/30/2025 7:17:09 AM"
"C:\Users\Rand Sobczak Jr\_rts\3_AI\the_Spine\data\spine_us\derived\etf_pmi_composite.parquet",".parquet","31807","4/14/2026 1:47:21 PM"
"C:\Users\Rand Sobczak Jr\_rts\3_AI\the_Spine\data\spine_us\derived\etf_pmi_composite_v2.parquet",".parquet","55966","4/16/2026 9:03:29 PM"
"C:\Users\Rand Sobczak Jr\_rts\3_AI\the_Spine\data\spine_us\mappings\etf_pmi_mapping.csv",".csv","2403","4/14/2026 1:22:37 PM"
"C:\Users\Rand Sobczak Jr\_rts\3_AI\the_Spine\data\spine_us\raw\us_equity_vinv_raw.csv",".csv","187","12/30/2025 7:17:09 AM"
"C:\Users\Rand Sobczak Jr\_rts\3_AI\the_Spine\data\spine_us\raw\us_equity_vinv_raw.parquet",".parquet","3092","12/30/2025 7:17:09 AM"
"C:\Users\Rand Sobczak Jr\_rts\3_AI\the_Spine\data\spine_us\raw_cftc_tff\TFF_-_Futures_Only.csv",".csv","30816963","12/30/2025 7:17:10 AM"
"C:\Users\Rand Sobczak Jr\_rts\3_AI\the_Spine\data\us\wti_inv_stor\df_wti_inv_stor_hist.parquet",".parquet","76450","12/30/2025 7:17:10 AM"
"C:\Users\Rand Sobczak Jr\_rts\3_AI\the_Spine\data\us\yieldcurve_10y3m\df_yieldcurve_10y3m_hist.parquet",".parquet","28082","12/30/2025 7:17:10 AM"
"C:\Users\Rand Sobczak Jr\_rts\3_AI\the_Spine\data\vinv\vinv_universe_db\audit_outputs\annual_dividends_diag.csv",".csv","2338","1/3/2026 11:25:33 AM"
"C:\Users\Rand Sobczak Jr\_rts\3_AI\the_Spine\data\vinv\vinv_universe_db\audit_outputs\annual_dividends_diag.parquet",".parquet","5658","1/3/2026 11:25:33 AM"
"C:\Users\Rand Sobczak Jr\_rts\3_AI\the_Spine\data\vinv\vinv_universe_db\audit_outputs\annual_dividends_long.csv",".csv","30997","1/3/2026 11:25:33 AM"
"C:\Users\Rand Sobczak Jr\_rts\3_AI\the_Spine\data\vinv\vinv_universe_db\audit_outputs\annual_dividends_long.parquet",".parquet","8151","1/3/2026 11:25:33 AM"
"C:\Users\Rand Sobczak Jr\_rts\3_AI\the_Spine\data\vinv\vinv_universe_db\audit_outputs\annual_dividends_wide.csv",".csv","12782","1/3/2026 11:25:33 AM"
"C:\Users\Rand Sobczak Jr\_rts\3_AI\the_Spine\data\vinv\vinv_universe_db\combined_csvs\outputs\VinV_df.csv",".csv","253","1/2/2026 5:49:01 PM"
"C:\Users\Rand Sobczak Jr\_rts\3_AI\the_Spine\data\vinv\vinv_universe_db\combined_csvs\outputs\VinV_universe_diagnostics.csv",".csv","170572","1/2/2026 5:41:53 PM"
"C:\Users\Rand Sobczak Jr\_rts\3_AI\the_Spine\data\vinv\vinv_universe_db\combined_csvs\outputs\VinV_universe_diagnostics_annual.csv",".csv","193669","1/2/2026 5:49:01 PM"
"C:\Users\Rand Sobczak Jr\_rts\3_AI\the_Spine\data\vinv\vinv_universe_db\tiingo\outputs\tiingo_dividends_annual_1990_2025.parquet",".parquet","1858","1/3/2026 11:03:19 AM"
"C:\Users\Rand Sobczak Jr\_rts\3_AI\the_Spine\data\vinv\vinv_universe_db\tiingo\outputs\tiingo_dividend_checks.parquet",".parquet","8908","1/3/2026 11:03:19 AM"
"C:\Users\Rand Sobczak Jr\_rts\3_AI\the_Spine\data\vinv\vinv_universe_db\tiingo\outputs\tiingo_joined_diagnostics.csv",".csv","10841","1/3/2026 11:03:19 AM"
"C:\Users\Rand Sobczak Jr\_rts\3_AI\the_Spine\data\vinv\vinv_universe_db\tiingo\outputs\tiingo_joined_diagnostics.parquet",".parquet","19709","1/3/2026 11:03:19 AM"
"C:\Users\Rand Sobczak Jr\_rts\3_AI\the_Spine\data\vinv\vinv_universe_db\tiingo\outputs\tiingo_meta.parquet",".parquet","6794","1/3/2026 11:03:19 AM"
"C:\Users\Rand Sobczak Jr\_rts\3_AI\the_Spine\data\vinv\vinv_universe_db\tiingo\outputs\vinv_data.parquet",".parquet","14888","1/3/2026 11:03:19 AM"
"C:\Users\Rand Sobczak Jr\_rts\3_AI\the_Spine\data\vinv\vinv_universe_db\tiingo\outputs\vinv_data_tickers.csv",".csv","8","1/3/2026 11:03:19 AM"
"C:\Users\Rand Sobczak Jr\_rts\3_AI\the_Spine\data\vinv\vinv_universe_db\tiingo_cache\03f043899925067f634675514646.json",".json","2494928","1/3/2026 10:01:27 AM"
"C:\Users\Rand Sobczak Jr\_rts\3_AI\the_Spine\data\vinv\vinv_universe_db\tiingo_cache\0463509b4fe18da1f2b8a973b5c8.json",".json","2331589","1/3/2026 10:17:06 AM"
"C:\Users\Rand Sobczak Jr\_rts\3_AI\the_Spine\data\vinv\vinv_universe_db\tiingo_cache\04d787fa0356021900ca7a1c9e29.json",".json","2523683","1/3/2026 10:01:25 AM"
"C:\Users\Rand Sobczak Jr\_rts\3_AI\the_Spine\data\vinv\vinv_universe_db\tiingo_cache\09ee603ab6f3f6e53cefb522a998.json",".json","2542","1/3/2026 9:10:08 AM"
"C:\Users\Rand Sobczak Jr\_rts\3_AI\the_Spine\data\vinv\vinv_universe_db\tiingo_cache\0dd22f6591135c3e731e5451c241.json",".json","2636947","1/3/2026 11:00:49 AM"
"C:\Users\Rand Sobczak Jr\_rts\3_AI\the_Spine\data\vinv\vinv_universe_db\tiingo_cache\167f9889aab474a768a24a69633e.json",".json","663","1/3/2026 9:10:20 AM"
"C:\Users\Rand Sobczak Jr\_rts\3_AI\the_Spine\data\vinv\vinv_universe_db\tiingo_cache\27e8984edd70a9e38d3542dffa09.json",".json","3732510","1/3/2026 11:25:31 AM"
"C:\Users\Rand Sobczak Jr\_rts\3_AI\the_Spine\data\vinv\vinv_universe_db\tiingo_cache\28880ac00fa8c259416082dc284c.json",".json","1071","1/3/2026 9:10:06 AM"
"C:\Users\Rand Sobczak Jr\_rts\3_AI\the_Spine\data\vinv\vinv_universe_db\tiingo_cache\28d115f00da58bbd6f134182aedc.json",".json","2506458","1/3/2026 10:01:41 AM"
"C:\Users\Rand Sobczak Jr\_rts\3_AI\the_Spine\data\vinv\vinv_universe_db\tiingo_cache\299af65a458b373572b9f306d108.json",".json","2488700","1/3/2026 10:00:55 AM"
"C:\Users\Rand Sobczak Jr\_rts\3_AI\the_Spine\data\vinv\vinv_universe_db\tiingo_cache\2c652497c8152519decafce387c1.json",".json","1587","1/3/2026 9:09:48 AM"
"C:\Users\Rand Sobczak Jr\_rts\3_AI\the_Spine\data\vinv\vinv_universe_db\tiingo_cache\2e1e564bb913ec4236e3bbc097ab.json",".json","1020","1/3/2026 9:09:28 AM"
"C:\Users\Rand Sobczak Jr\_rts\3_AI\the_Spine\data\vinv\vinv_universe_db\tiingo_cache\2f75c678ebb23dc991b32d133000.json",".json","2928306","1/3/2026 10:17:08 AM"
"C:\Users\Rand Sobczak Jr\_rts\3_AI\the_Spine\data\vinv\vinv_universe_db\tiingo_cache\2f9c48068b7f9d88579a56178736.json",".json","3871621","1/3/2026 11:25:09 AM"
"C:\Users\Rand Sobczak Jr\_rts\3_AI\the_Spine\data\vinv\vinv_universe_db\tiingo_cache\2fd3cb27db14e367cf4c8668d7ff.json",".json","2508176","1/3/2026 10:00:51 AM"
"C:\Users\Rand Sobczak Jr\_rts\3_AI\the_Spine\data\vinv\vinv_universe_db\tiingo_cache\3004f607babf8133337f63b6f9cc.json",".json","2868199","1/3/2026 11:00:41 AM"
"C:\Users\Rand Sobczak Jr\_rts\3_AI\the_Spine\data\vinv\vinv_universe_db\tiingo_cache\30da176bf0217ea8e104ad1c75a3.json",".json","713347","1/3/2026 10:00:56 AM"
"C:\Users\Rand Sobczak Jr\_rts\3_AI\the_Spine\data\vinv\vinv_universe_db\tiingo_cache\320e7e17f5a3d92c011982eca8ea.json",".json","2790509","1/3/2026 11:01:05 AM"
"C:\Users\Rand Sobczak Jr\_rts\3_AI\the_Spine\data\vinv\vinv_universe_db\tiingo_cache\32f4e1cfa52d598ded22cc101611.json",".json","713347","1/3/2026 11:25:18 AM"
"C:\Users\Rand Sobczak Jr\_rts\3_AI\the_Spine\data\vinv\vinv_universe_db\tiingo_cache\365e923f431d4b7406a4de260337.json",".json","380","1/3/2026 9:09:00 AM"
"C:\Users\Rand Sobczak Jr\_rts\3_AI\the_Spine\data\vinv\vinv_universe_db\tiingo_cache\384ecb00c5e85366617acd41bed3.json",".json","3057899","1/3/2026 11:00:55 AM"
"C:\Users\Rand Sobczak Jr\_rts\3_AI\the_Spine\data\vinv\vinv_universe_db\tiingo_cache\38551d93b4901e2bc1f5aa5d14ba.json",".json","610","1/3/2026 9:09:04 AM"
"C:\Users\Rand Sobczak Jr\_rts\3_AI\the_Spine\data\vinv\vinv_universe_db\tiingo_cache\386046a63838ed9678a35460f479.json",".json","2822622","1/3/2026 11:25:04 AM"
"C:\Users\Rand Sobczak Jr\_rts\3_AI\the_Spine\data\vinv\vinv_universe_db\tiingo_cache\387e3aa6c3b4fea3711aa8290dfc.json",".json","2504979","1/3/2026 10:00:47 AM"
"C:\Users\Rand Sobczak Jr\_rts\3_AI\the_Spine\data\vinv\vinv_universe_db\tiingo_cache\3a2fcf0031cdffec55d01dd0ed1a.json",".json","2458427","1/3/2026 11:00:31 AM"
"C:\Users\Rand Sobczak Jr\_rts\3_AI\the_Spine\data\vinv\vinv_universe_db\tiingo_cache\3a615260e6063e8fac9d75230af8.json",".json","2515045","1/3/2026 10:01:43 AM"
"C:\Users\Rand Sobczak Jr\_rts\3_AI\the_Spine\data\vinv\vinv_universe_db\tiingo_cache\3d0d2290cc2ad900b5a324b63a70.json",".json","719","1/3/2026 9:10:22 AM"
"C:\Users\Rand Sobczak Jr\_rts\3_AI\the_Spine\data\vinv\vinv_universe_db\tiingo_cache\3d64a81b0913af675589af855c37.json",".json","2621817","1/3/2026 11:01:01 AM"
"C:\Users\Rand Sobczak Jr\_rts\3_AI\the_Spine\data\vinv\vinv_universe_db\tiingo_cache\3de3b8fdbac4dd95952388de4b7e.json",".json","2500004","1/3/2026 10:01:23 AM"
"C:\Users\Rand Sobczak Jr\_rts\3_AI\the_Spine\data\vinv\vinv_universe_db\tiingo_cache\3f560594e3dc9f7c28a1debadbb1.json",".json","2525677","1/3/2026 10:01:53 AM"
"C:\Users\Rand Sobczak Jr\_rts\3_AI\the_Spine\data\vinv\vinv_universe_db\tiingo_cache\411914e5079cd787d7b42d6434af.json",".json","3733237","1/3/2026 10:17:18 AM"
"C:\Users\Rand Sobczak Jr\_rts\3_AI\the_Spine\data\vinv\vinv_universe_db\tiingo_cache\43e2b0f4d3a4999aabb444900b9f.json",".json","2371097","1/3/2026 11:25:10 AM"
"C:\Users\Rand Sobczak Jr\_rts\3_AI\the_Spine\data\vinv\vinv_universe_db\tiingo_cache\46c3f8f43950a37e27dce44cda81.json",".json","2495419","1/3/2026 10:01:33 AM"
"C:\Users\Rand Sobczak Jr\_rts\3_AI\the_Spine\data\vinv\vinv_universe_db\tiingo_cache\493b7db29edbb1eb443314102063.json",".json","2482873","1/3/2026 10:01:15 AM"
"C:\Users\Rand Sobczak Jr\_rts\3_AI\the_Spine\data\vinv\vinv_universe_db\tiingo_cache\49dc4fd6c0204ff85427fbaf9a8d.json",".json","2518533","1/3/2026 10:01:37 AM"
"C:\Users\Rand Sobczak Jr\_rts\3_AI\the_Spine\data\vinv\vinv_universe_db\tiingo_cache\4aa30c8adf89ce80e72b1c3a5af1.json",".json","1165","1/3/2026 9:09:06 AM"
"C:\Users\Rand Sobczak Jr\_rts\3_AI\the_Spine\data\vinv\vinv_universe_db\tiingo_cache\4d2c9619575684f1424363baf8b5.json",".json","518","1/3/2026 9:09:38 AM"
"C:\Users\Rand Sobczak Jr\_rts\3_AI\the_Spine\data\vinv\vinv_universe_db\tiingo_cache\4d725c9e46f35d16effc33e338aa.json",".json","2532249","1/3/2026 10:00:53 AM"
"C:\Users\Rand Sobczak Jr\_rts\3_AI\the_Spine\data\vinv\vinv_universe_db\tiingo_cache\50051ca578fa9255acc90f6af711.json",".json","1131","1/3/2026 9:09:20 AM"
"C:\Users\Rand Sobczak Jr\_rts\3_AI\the_Spine\data\vinv\vinv_universe_db\tiingo_cache\503272433bfc9977349320f572f5.json",".json","2795018","1/3/2026 11:00:33 AM"
"C:\Users\Rand Sobczak Jr\_rts\3_AI\the_Spine\data\vinv\vinv_universe_db\tiingo_cache\507dc02da737a540bd54bd8baf30.json",".json","2499884","1/3/2026 10:01:35 AM"
"C:\Users\Rand Sobczak Jr\_rts\3_AI\the_Spine\data\vinv\vinv_universe_db\tiingo_cache\5a8a904b8fd6199c266e10c89da6.json",".json","2989334","1/3/2026 10:16:53 AM"
"C:\Users\Rand Sobczak Jr\_rts\3_AI\the_Spine\data\vinv\vinv_universe_db\tiingo_cache\5d7ef7f10c361b8bf30d9c3832de.json",".json","2497489","1/3/2026 10:01:49 AM"
"C:\Users\Rand Sobczak Jr\_rts\3_AI\the_Spine\data\vinv\vinv_universe_db\tiingo_cache\5e3f2dcb00433e5142e8eee0b825.json",".json","2879897","1/3/2026 10:16:55 AM"
"C:\Users\Rand Sobczak Jr\_rts\3_AI\the_Spine\data\vinv\vinv_universe_db\tiingo_cache\61ca957886f1c1e3a3544dbb71f1.json",".json","2533505","1/3/2026 10:01:11 AM"
"C:\Users\Rand Sobczak Jr\_rts\3_AI\the_Spine\data\vinv\vinv_universe_db\tiingo_cache\6290dff769d0cca048003d51c533.json",".json","951","1/3/2026 9:10:16 AM"
"C:\Users\Rand Sobczak Jr\_rts\3_AI\the_Spine\data\vinv\vinv_universe_db\tiingo_cache\6410b6d8d227f9577f95b81dd8a4.json",".json","2969131","1/3/2026 11:25:13 AM"
"C:\Users\Rand Sobczak Jr\_rts\3_AI\the_Spine\data\vinv\vinv_universe_db\tiingo_cache\671468347e6e3787d3dca70761ff.json",".json","2857677","1/3/2026 10:16:58 AM"
"C:\Users\Rand Sobczak Jr\_rts\3_AI\the_Spine\data\vinv\vinv_universe_db\tiingo_cache\685ebbfbd9b1c3454eea34627e5c.json",".json","2827226","1/3/2026 11:00:53 AM"
"C:\Users\Rand Sobczak Jr\_rts\3_AI\the_Spine\data\vinv\vinv_universe_db\tiingo_cache\6956807dff23a0b3d014359d97fc.json",".json","2976146","1/3/2026 11:01:07 AM"
"C:\Users\Rand Sobczak Jr\_rts\3_AI\the_Spine\data\vinv\vinv_universe_db\tiingo_cache\6b3430cfe5a61b9fa843eb1254fc.json",".json","1049","1/3/2026 9:10:12 AM"
"C:\Users\Rand Sobczak Jr\_rts\3_AI\the_Spine\data\vinv\vinv_universe_db\tiingo_cache\6eea5eac6a64033a7c50d15a3956.json",".json","3899373","1/3/2026 11:25:25 AM"
"C:\Users\Rand Sobczak Jr\_rts\3_AI\the_Spine\data\vinv\vinv_universe_db\tiingo_cache\72bbd4bd0cab3ebdd3ed73b79e7f.json",".json","1292","1/3/2026 9:10:10 AM"
"C:\Users\Rand Sobczak Jr\_rts\3_AI\the_Spine\data\vinv\vinv_universe_db\tiingo_cache\738126ddb4ffec8a3fd34ff2433e.json",".json","3640459","1/3/2026 10:17:00 AM"
"C:\Users\Rand Sobczak Jr\_rts\3_AI\the_Spine\data\vinv\vinv_universe_db\tiingo_cache\73dd9e3ffd36f3a1f4b83fbd9b97.json",".json","3910581","1/3/2026 11:25:21 AM"
"C:\Users\Rand Sobczak Jr\_rts\3_AI\the_Spine\data\vinv\vinv_universe_db\tiingo_cache\76fed2444abd8155f624f13021c6.json",".json","704","1/3/2026 9:08:56 AM"
"C:\Users\Rand Sobczak Jr\_rts\3_AI\the_Spine\data\vinv\vinv_universe_db\tiingo_cache\78163ae22eca5d426c9d2b95b055.json",".json","3185273","1/3/2026 11:00:37 AM"
"C:\Users\Rand Sobczak Jr\_rts\3_AI\the_Spine\data\vinv\vinv_universe_db\tiingo_cache\7c04691bfd88d039712bb60656d6.json",".json","2642190","1/3/2026 11:00:57 AM"
"C:\Users\Rand Sobczak Jr\_rts\3_AI\the_Spine\data\vinv\vinv_universe_db\tiingo_cache\7fee68d24ab952ba3fb033e3490e.json",".json","3403304","1/3/2026 10:17:10 AM"
"C:\Users\Rand Sobczak Jr\_rts\3_AI\the_Spine\data\vinv\vinv_universe_db\tiingo_cache\842671a081ccedd75f4abff42b2e.json",".json","731","1/3/2026 9:09:08 AM"
"C:\Users\Rand Sobczak Jr\_rts\3_AI\the_Spine\data\vinv\vinv_universe_db\tiingo_cache\8499bb062a4880ae52cf36ae0380.json",".json","2399181","1/3/2026 11:00:27 AM"
"C:\Users\Rand Sobczak Jr\_rts\3_AI\the_Spine\data\vinv\vinv_universe_db\tiingo_cache\85540c91a2a7f61033cc0056a434.json",".json","2984259","1/3/2026 11:00:59 AM"
"C:\Users\Rand Sobczak Jr\_rts\3_AI\the_Spine\data\vinv\vinv_universe_db\tiingo_cache\85c83190d7f06ce1da29198b2021.json",".json","589","1/3/2026 9:09:54 AM"
"C:\Users\Rand Sobczak Jr\_rts\3_AI\the_Spine\data\vinv\vinv_universe_db\tiingo_cache\879ad14e67360ffa8819fb8cbfe9.json",".json","2489711","1/3/2026 10:01:21 AM"
"C:\Users\Rand Sobczak Jr\_rts\3_AI\the_Spine\data\vinv\vinv_universe_db\tiingo_cache\8810aecef43d4855f0e63fb1992a.json",".json","724","1/3/2026 9:10:26 AM"
"C:\Users\Rand Sobczak Jr\_rts\3_AI\the_Spine\data\vinv\vinv_universe_db\tiingo_cache\8829bacc41d0061ba65b35aff2ca.json",".json","3904281","1/3/2026 11:01:12 AM"
"C:\Users\Rand Sobczak Jr\_rts\3_AI\the_Spine\data\vinv\vinv_universe_db\tiingo_cache\889d4720d433894eeb057f0dd9f2.json",".json","2806095","1/3/2026 11:01:03 AM"
"C:\Users\Rand Sobczak Jr\_rts\3_AI\the_Spine\data\vinv\vinv_universe_db\tiingo_cache\8b43f0f9b3788990d38d97a4a956.json",".json","2535962","1/3/2026 10:00:59 AM"
"C:\Users\Rand Sobczak Jr\_rts\3_AI\the_Spine\data\vinv\vinv_universe_db\tiingo_cache\8c09823edb601faf192b7a4c2027.json",".json","1118","1/3/2026 9:10:02 AM"
"C:\Users\Rand Sobczak Jr\_rts\3_AI\the_Spine\data\vinv\vinv_universe_db\tiingo_cache\8c1eeb08982cfd9e4c02d1993843.json",".json","3169756","1/3/2026 10:16:51 AM"
"C:\Users\Rand Sobczak Jr\_rts\3_AI\the_Spine\data\vinv\vinv_universe_db\tiingo_cache\8c521684ae6ecd9eb2855b2b745f.json",".json","1261","1/3/2026 9:10:24 AM"
"C:\Users\Rand Sobczak Jr\_rts\3_AI\the_Spine\data\vinv\vinv_universe_db\tiingo_cache\8dac3ea0299408adea50f040d1ff.json",".json","535","1/3/2026 9:09:46 AM"
"C:\Users\Rand Sobczak Jr\_rts\3_AI\the_Spine\data\vinv\vinv_universe_db\tiingo_cache\8e2a9e0eeb98869abf457fb918c8.json",".json","648","1/3/2026 9:09:10 AM"
"C:\Users\Rand Sobczak Jr\_rts\3_AI\the_Spine\data\vinv\vinv_universe_db\tiingo_cache\957d14b9353bb373ce5af0fb4556.json",".json","2851065","1/3/2026 11:25:22 AM"
"C:\Users\Rand Sobczak Jr\_rts\3_AI\the_Spine\data\vinv\vinv_universe_db\tiingo_cache\95ee885c0caa2e3d04e6713fb386.json",".json","2487474","1/3/2026 10:01:19 AM"
"C:\Users\Rand Sobczak Jr\_rts\3_AI\the_Spine\data\vinv\vinv_universe_db\tiingo_cache\997b8d550c37d67474ff48a0d04b.json",".json","2458427","1/3/2026 10:01:17 AM"
"C:\Users\Rand Sobczak Jr\_rts\3_AI\the_Spine\data\vinv\vinv_universe_db\tiingo_cache\99a2e17bdb04893afb7cbe50d83a.json",".json","2519716","1/3/2026 10:01:39 AM"
"C:\Users\Rand Sobczak Jr\_rts\3_AI\the_Spine\data\vinv\vinv_universe_db\tiingo_cache\9af088dd4c2dc0b83a8a805217d3.json",".json","698","1/3/2026 9:09:24 AM"
"C:\Users\Rand Sobczak Jr\_rts\3_AI\the_Spine\data\vinv\vinv_universe_db\tiingo_cache\9ff87880fda02f31151624d9d892.json",".json","1294","1/3/2026 9:10:30 AM"
"C:\Users\Rand Sobczak Jr\_rts\3_AI\the_Spine\data\vinv\vinv_universe_db\tiingo_cache\a128542f7008a3e8ee1e97294847.json",".json","803","1/3/2026 9:09:44 AM"
"C:\Users\Rand Sobczak Jr\_rts\3_AI\the_Spine\data\vinv\vinv_universe_db\tiingo_cache\a28cc1d260248b5ccbd6c20d7e18.json",".json","2527229","1/3/2026 10:01:09 AM"
"C:\Users\Rand Sobczak Jr\_rts\3_AI\the_Spine\data\vinv\vinv_universe_db\tiingo_cache\a3e13f18abd08aedf2732e8a9eac.json",".json","2527117","1/3/2026 10:01:55 AM"
"C:\Users\Rand Sobczak Jr\_rts\3_AI\the_Spine\data\vinv\vinv_universe_db\tiingo_cache\a7723458955196abdb615f0c995a.json",".json","1077","1/3/2026 9:08:48 AM"
"C:\Users\Rand Sobczak Jr\_rts\3_AI\the_Spine\data\vinv\vinv_universe_db\tiingo_cache\aa4d79a04e348b95e5b86dc41cef.json",".json","3903663","1/3/2026 10:17:14 AM"
"C:\Users\Rand Sobczak Jr\_rts\3_AI\the_Spine\data\vinv\vinv_universe_db\tiingo_cache\aba3a73ef78f120e5b7d1b3358d4.json",".json","3906606","1/3/2026 11:00:26 AM"
"C:\Users\Rand Sobczak Jr\_rts\3_AI\the_Spine\data\vinv\vinv_universe_db\tiingo_cache\af052d565673cd5909d8a0041ba7.json",".json","894","1/3/2026 9:10:18 AM"
"C:\Users\Rand Sobczak Jr\_rts\3_AI\the_Spine\data\vinv\vinv_universe_db\tiingo_cache\b03cfa0ce253a37cc3358b5d55af.json",".json","337","1/3/2026 9:09:58 AM"
"C:\Users\Rand Sobczak Jr\_rts\3_AI\the_Spine\data\vinv\vinv_universe_db\tiingo_cache\b18dbc74ab4982f2c6a00d0fa1f4.json",".json","2522629","1/3/2026 10:01:03 AM"
"C:\Users\Rand Sobczak Jr\_rts\3_AI\the_Spine\data\vinv\vinv_universe_db\tiingo_cache\b19de60c1028a859ba8dcacf3749.json",".json","2986203","1/3/2026 10:17:12 AM"
"C:\Users\Rand Sobczak Jr\_rts\3_AI\the_Spine\data\vinv\vinv_universe_db\tiingo_cache\b1dc16ed9129e368ffaec579cb04.json",".json","637","1/3/2026 9:09:32 AM"
"C:\Users\Rand Sobczak Jr\_rts\3_AI\the_Spine\data\vinv\vinv_universe_db\tiingo_cache\b2538d312d493243d9d3a962ad6d.json",".json","2523758","1/3/2026 10:01:29 AM"
"C:\Users\Rand Sobczak Jr\_rts\3_AI\the_Spine\data\vinv\vinv_universe_db\tiingo_cache\b44d065cacd26444568b29c11ab5.json",".json","2498475","1/3/2026 10:01:05 AM"
"C:\Users\Rand Sobczak Jr\_rts\3_AI\the_Spine\data\vinv\vinv_universe_db\tiingo_cache\b5b6ad65c85767420cf748cc2c13.json",".json","1072","1/3/2026 9:09:16 AM"
"C:\Users\Rand Sobczak Jr\_rts\3_AI\the_Spine\data\vinv\vinv_universe_db\tiingo_cache\ba1ef1b69cfe7d87dbc0268df7ed.json",".json","634","1/3/2026 9:09:26 AM"
"C:\Users\Rand Sobczak Jr\_rts\3_AI\the_Spine\data\vinv\vinv_universe_db\tiingo_cache\bb93fa0bcb4514fa52db66e90e24.json",".json","2985954","1/3/2026 11:00:43 AM"
"C:\Users\Rand Sobczak Jr\_rts\3_AI\the_Spine\data\vinv\vinv_universe_db\tiingo_cache\bc56ef728fe5f12fdd9bb5dd4cc7.json",".json","979","1/3/2026 9:08:58 AM"
"C:\Users\Rand Sobczak Jr\_rts\3_AI\the_Spine\data\vinv\vinv_universe_db\tiingo_cache\bd89f97386b41fd207ee3e1c2fff.json",".json","485","1/3/2026 9:09:02 AM"
"C:\Users\Rand Sobczak Jr\_rts\3_AI\the_Spine\data\vinv\vinv_universe_db\tiingo_cache\c2be683923d5f14dfa5e60293f50.json",".json","2528630","1/3/2026 10:01:57 AM"
"C:\Users\Rand Sobczak Jr\_rts\3_AI\the_Spine\data\vinv\vinv_universe_db\tiingo_cache\c34432de6c636596eea81d36bd8e.json",".json","2876016","1/3/2026 11:25:14 AM"
"C:\Users\Rand Sobczak Jr\_rts\3_AI\the_Spine\data\vinv\vinv_universe_db\tiingo_cache\c3b72a0e8c086a1008379c2f4094.json",".json","1147","1/3/2026 9:08:52 AM"
"C:\Users\Rand Sobczak Jr\_rts\3_AI\the_Spine\data\vinv\vinv_universe_db\tiingo_cache\c47e0077b5588a8053e06fa8589a.json",".json","2906632","1/3/2026 11:00:47 AM"
"C:\Users\Rand Sobczak Jr\_rts\3_AI\the_Spine\data\vinv\vinv_universe_db\tiingo_cache\c4d851bd5f949a2cd0f8a4dbe1a4.json",".json","678","1/3/2026 9:10:28 AM"
"C:\Users\Rand Sobczak Jr\_rts\3_AI\the_Spine\data\vinv\vinv_universe_db\tiingo_cache\c653b88bfaf447fe293bc2ce2a73.json",".json","2347865","1/3/2026 10:01:31 AM"
"C:\Users\Rand Sobczak Jr\_rts\3_AI\the_Spine\data\vinv\vinv_universe_db\tiingo_cache\c71cd5282ad365bd02d49bbbd343.json",".json","701","1/3/2026 9:09:14 AM"
"C:\Users\Rand Sobczak Jr\_rts\3_AI\the_Spine\data\vinv\vinv_universe_db\tiingo_cache\c86a38605a01d5e0edf764cd354b.json",".json","2848033","1/3/2026 10:17:04 AM"
"C:\Users\Rand Sobczak Jr\_rts\3_AI\the_Spine\data\vinv\vinv_universe_db\tiingo_cache\c884c98c6dfeaab2557b44ba521f.json",".json","916","1/3/2026 9:09:52 AM"
"C:\Users\Rand Sobczak Jr\_rts\3_AI\the_Spine\data\vinv\vinv_universe_db\tiingo_cache\cc92ba5197d24dc1f0e5a63a737c.json",".json","2951635","1/3/2026 11:25:16 AM"
"C:\Users\Rand Sobczak Jr\_rts\3_AI\the_Spine\data\vinv\vinv_universe_db\tiingo_cache\cd95cf9b7d49bc737031f2e48a9b.json",".json","2657947","1/3/2026 11:25:07 AM"
"C:\Users\Rand Sobczak Jr\_rts\3_AI\the_Spine\data\vinv\vinv_universe_db\tiingo_cache\ce41613554d5031c7c02fc2bfd83.json",".json","1285","1/3/2026 9:09:36 AM"
"C:\Users\Rand Sobczak Jr\_rts\3_AI\the_Spine\data\vinv\vinv_universe_db\tiingo_cache\ce866e4c72a7487d4400c99aba96.json",".json","2827249","1/3/2026 11:00:51 AM"
"C:\Users\Rand Sobczak Jr\_rts\3_AI\the_Spine\data\vinv\vinv_universe_db\tiingo_cache\d036afe93be2ec6896e3acb45703.json",".json","2520563","1/3/2026 10:01:45 AM"
"C:\Users\Rand Sobczak Jr\_rts\3_AI\the_Spine\data\vinv\vinv_universe_db\tiingo_cache\d38327556f5ce3e0902dfe72e538.json",".json","2481181","1/3/2026 10:01:51 AM"
"C:\Users\Rand Sobczak Jr\_rts\3_AI\the_Spine\data\vinv\vinv_universe_db\tiingo_cache\d4cc00cb6b9f794bfb8a0a900f49.json",".json","993","1/3/2026 9:08:50 AM"
"C:\Users\Rand Sobczak Jr\_rts\3_AI\the_Spine\data\vinv\vinv_universe_db\tiingo_cache\d52691499419af57db886694f16e.json",".json","535","1/3/2026 9:10:00 AM"
"C:\Users\Rand Sobczak Jr\_rts\3_AI\the_Spine\data\vinv\vinv_universe_db\tiingo_cache\d66192a9f1c1b56aa92f7154ebe9.json",".json","2347865","1/3/2026 11:00:45 AM"
"C:\Users\Rand Sobczak Jr\_rts\3_AI\the_Spine\data\vinv\vinv_universe_db\tiingo_cache\d69d257f03e179e26bb909d38254.json",".json","469","1/3/2026 9:08:54 AM"
"C:\Users\Rand Sobczak Jr\_rts\3_AI\the_Spine\data\vinv\vinv_universe_db\tiingo_cache\d78e9d472dd50a88a0bd2bddfeca.json",".json","2485997","1/3/2026 10:01:47 AM"
"C:\Users\Rand Sobczak Jr\_rts\3_AI\the_Spine\data\vinv\vinv_universe_db\tiingo_cache\d820666187c1e9e3acd2654ba07a.json",".json","983","1/3/2026 9:09:22 AM"
"C:\Users\Rand Sobczak Jr\_rts\3_AI\the_Spine\data\vinv\vinv_universe_db\tiingo_cache\d86cfaa893adc016eb9eeb5b077b.json",".json","586","1/3/2026 9:09:30 AM"
"C:\Users\Rand Sobczak Jr\_rts\3_AI\the_Spine\data\vinv\vinv_universe_db\tiingo_cache\d8e98db3d7b641d199fe39fb89cd.json",".json","1102","1/3/2026 9:10:04 AM"
"C:\Users\Rand Sobczak Jr\_rts\3_AI\the_Spine\data\vinv\vinv_universe_db\tiingo_cache\d98ae442e1d7badca60a7b6af0dd.json",".json","2482873","1/3/2026 11:00:29 AM"
"C:\Users\Rand Sobczak Jr\_rts\3_AI\the_Spine\data\vinv\vinv_universe_db\tiingo_cache\dfc93e221a9b36204917a1454b9d.json",".json","467","1/3/2026 9:09:50 AM"
"C:\Users\Rand Sobczak Jr\_rts\3_AI\the_Spine\data\vinv\vinv_universe_db\tiingo_cache\dfcb47010328fb79f4d7886d40fc.json",".json","3390495","1/3/2026 11:25:26 AM"
"C:\Users\Rand Sobczak Jr\_rts\3_AI\the_Spine\data\vinv\vinv_universe_db\tiingo_cache\e0753f73db1681be48149250b619.json",".json","2488451","1/3/2026 10:01:07 AM"
"C:\Users\Rand Sobczak Jr\_rts\3_AI\the_Spine\data\vinv\vinv_universe_db\tiingo_cache\e0a3c00924e9ce66aa907f3ac3c6.json",".json","2505941","1/3/2026 10:01:01 AM"
"C:\Users\Rand Sobczak Jr\_rts\3_AI\the_Spine\data\vinv\vinv_universe_db\tiingo_cache\e633da87c571001a826e6bc0bd7e.json",".json","2831762","1/3/2026 11:00:39 AM"
"C:\Users\Rand Sobczak Jr\_rts\3_AI\the_Spine\data\vinv\vinv_universe_db\tiingo_cache\e7bd55de19bca1abc2f0d3cb36f9.json",".json","2634802","1/3/2026 11:25:28 AM"
"C:\Users\Rand Sobczak Jr\_rts\3_AI\the_Spine\data\vinv\vinv_universe_db\tiingo_cache\e933dd1e2d06c19b72f113567936.json",".json","2489711","1/3/2026 11:00:35 AM"
"C:\Users\Rand Sobczak Jr\_rts\3_AI\the_Spine\data\vinv\vinv_universe_db\tiingo_cache\e960056e2e0d041132ffd2a3b1a5.json",".json","768","1/3/2026 9:09:40 AM"
"C:\Users\Rand Sobczak Jr\_rts\3_AI\the_Spine\data\vinv\vinv_universe_db\tiingo_cache\eb1ba15be8b6bdee7e393885cbd5.json",".json","2371097","1/3/2026 10:00:50 AM"
"C:\Users\Rand Sobczak Jr\_rts\3_AI\the_Spine\data\vinv\vinv_universe_db\tiingo_cache\eb7a65afe7f8d271fea3e331937e.json",".json","610","1/3/2026 9:09:12 AM"
"C:\Users\Rand Sobczak Jr\_rts\3_AI\the_Spine\data\vinv\vinv_universe_db\tiingo_cache\ebc1c11ef28ecf4865cf11b9272f.json",".json","1006","1/3/2026 9:09:18 AM"
"C:\Users\Rand Sobczak Jr\_rts\3_AI\the_Spine\data\vinv\vinv_universe_db\tiingo_cache\ec7b3461d7ea29288b51ef497a81.json",".json","2657281","1/3/2026 10:17:16 AM"
"C:\Users\Rand Sobczak Jr\_rts\3_AI\the_Spine\data\vinv\vinv_universe_db\tiingo_cache\ed478062cb5b09b0e7ae855d5366.json",".json","1162","1/3/2026 9:09:42 AM"
"C:\Users\Rand Sobczak Jr\_rts\3_AI\the_Spine\data\vinv\vinv_universe_db\tiingo_cache\efdc3ce2709eb0ae00f6e5bb3daf.json",".json","3716840","1/3/2026 11:01:10 AM"
"C:\Users\Rand Sobczak Jr\_rts\3_AI\the_Spine\data\vinv\vinv_universe_db\tiingo_cache\f3984e2397d3cce91691534f4376.json",".json","1034","1/3/2026 9:09:56 AM"
"C:\Users\Rand Sobczak Jr\_rts\3_AI\the_Spine\data\vinv\vinv_universe_db\tiingo_cache\f4c42b6abe90dfbd0545d893a88c.json",".json","2989669","1/3/2026 10:17:02 AM"
"C:\Users\Rand Sobczak Jr\_rts\3_AI\the_Spine\data\vinv\vinv_universe_db\tiingo_cache\f5f762dfa5160523db7a633ee9c0.json",".json","681","1/3/2026 9:10:14 AM"
"C:\Users\Rand Sobczak Jr\_rts\3_AI\the_Spine\data\vinv\vinv_universe_db\tiingo_cache\f9caaaba0b0b600b0b698c36f443.json",".json","1176","1/3/2026 9:09:34 AM"
"C:\Users\Rand Sobczak Jr\_rts\3_AI\the_Spine\data\vinv\vinv_universe_db\tiingo_cache\fa620c77c4cc025221366f323ff9.json",".json","2399181","1/3/2026 10:01:13 AM"
"C:\Users\Rand Sobczak Jr\_rts\3_AI\the_Spine\data\vinv\vinv_yfin\outputs\df_diag_stageA_test.csv",".csv","1391","1/6/2026 6:33:22 PM"
"C:\Users\Rand Sobczak Jr\_rts\3_AI\the_Spine\data\vinv\vinv_yfin\outputs\df_diag_stageA_test.parquet",".parquet","8125","1/6/2026 6:33:22 PM"
"C:\Users\Rand Sobczak Jr\_rts\3_AI\the_Spine\data\vinv\vinv_yfin\outputs\stageA_errors.csv",".csv","1058","1/6/2026 6:33:22 PM"
"C:\Users\Rand Sobczak Jr\_rts\3_AI\the_Spine\data\vinv\vinv_yfin\outputs\stageA_errors.parquet",".parquet","2903","1/6/2026 6:33:22 PM"
"C:\Users\Rand Sobczak Jr\_rts\3_AI\the_Spine\data\wti\us_wti_inventory_canonical.parquet",".parquet","67606","4/27/2026 1:54:43 PM"
"C:\Users\Rand Sobczak Jr\_rts\3_AI\the_Spine\data\wti\wti_inflation_pressure.parquet",".parquet","44902","4/15/2026 5:13:48 PM"
"C:\Users\Rand Sobczak Jr\_rts\3_AI\the_Spine\data\wti\wti_sigma_rank.parquet",".parquet","51843","4/15/2026 5:13:49 PM"
"C:\Users\Rand Sobczak Jr\_rts\3_AI\the_Spine\data\wti\derived\publish_wti_pressure_leaf_manifest_v1.py",".py","1795","12/30/2025 7:17:10 AM"
