"FullName","LastWriteTime","Length"
"C:\Users\Rand Sobczak Jr\_rts\3_AI\the_Spine\src\spine\jobs\__init__.py","1/19/2026 2:46:22 PM","0"
"C:\Users\Rand Sobczak Jr\_rts\3_AI\the_Spine\src\spine\jobs\energy\build_energy_crude_stocks_ex_spr_hist_t2.py","2/28/2026 5:32:58 PM","2859"
"C:\Users\Rand Sobczak Jr\_rts\3_AI\the_Spine\src\spine\jobs\energy\build_energy_crude_stocks_ex_spr_update_t2.py","2/28/2026 5:30:05 PM","3894"
"C:\Users\Rand Sobczak Jr\_rts\3_AI\the_Spine\src\spine\jobs\energy\build_energy_inventory_pressure_update_t2.py","2/28/2026 8:08:33 PM","0"
"C:\Users\Rand Sobczak Jr\_rts\3_AI\the_Spine\src\spine\jobs\energy\build_energy_price_inventory_divergence_update_t2.py","2/28/2026 8:08:47 PM","0"
"C:\Users\Rand Sobczak Jr\_rts\3_AI\the_Spine\src\spine\jobs\energy\build_energy_wti_price_hist_t1.py","2/28/2026 5:27:04 PM","2267"
"C:\Users\Rand Sobczak Jr\_rts\3_AI\the_Spine\src\spine\jobs\energy\build_energy_wti_price_update_t1.py","3/11/2026 8:34:49 AM","6944"
"C:\Users\Rand Sobczak Jr\_rts\3_AI\the_Spine\src\spine\jobs\energy\energy_constants.py","3/11/2026 8:35:08 AM","1210"
"C:\Users\Rand Sobczak Jr\_rts\3_AI\the_Spine\src\spine\jobs\energy\export_wti_oc_overlay_json.py","4/26/2026 6:42:37 PM","3406"
"C:\Users\Rand Sobczak Jr\_rts\3_AI\the_Spine\src\spine\jobs\energy\export_wti_serving_json.py","4/26/2026 3:18:13 PM","5126"
"C:\Users\Rand Sobczak Jr\_rts\3_AI\the_Spine\src\spine\jobs\energy\upload_wti_leaf_to_r2.py","1/23/2026 11:21:26 AM","1396"
"C:\Users\Rand Sobczak Jr\_rts\3_AI\the_Spine\src\spine\jobs\energy\validate_energy_crude_stocks_ex_spr_t2.py","2/28/2026 5:30:19 PM","4792"
"C:\Users\Rand Sobczak Jr\_rts\3_AI\the_Spine\src\spine\jobs\energy\validate_energy_inventory_pressure_t2.py","2/28/2026 8:08:40 PM","0"
"C:\Users\Rand Sobczak Jr\_rts\3_AI\the_Spine\src\spine\jobs\energy\validate_energy_price_inventory_divergence_t2.py","2/28/2026 8:08:55 PM","0"
"C:\Users\Rand Sobczak Jr\_rts\3_AI\the_Spine\src\spine\jobs\energy\validate_energy_wti_price_t1.py","4/14/2026 3:58:19 PM","3952"
"C:\Users\Rand Sobczak Jr\_rts\3_AI\the_Spine\src\spine\jobs\energy\__init__.py","2/28/2026 10:56:40 AM","0"
"C:\Users\Rand Sobczak Jr\_rts\3_AI\the_Spine\src\spine\jobs\energy\wti\build_wti_inventory.py","4/27/2026 1:53:35 PM","1552"
"C:\Users\Rand Sobczak Jr\_rts\3_AI\the_Spine\src\spine\jobs\energy\wti\build_wti_inventory_oc_overlay.py","4/27/2026 2:02:10 PM","4489"
"C:\Users\Rand Sobczak Jr\_rts\3_AI\the_Spine\src\spine\jobs\energy\wti\__init__.py","4/27/2026 1:53:45 PM","0"
"C:\Users\Rand Sobczak Jr\_rts\3_AI\the_Spine\src\spine\jobs\equities\export_equities_sigma_rank_json.py","4/26/2026 5:30:42 PM","2442"
"C:\Users\Rand Sobczak Jr\_rts\3_AI\the_Spine\src\spine\jobs\equities\export_equity_index_serving_json.py","4/26/2026 1:07:58 PM","3019"
"C:\Users\Rand Sobczak Jr\_rts\3_AI\the_Spine\src\spine\jobs\equities\export_equity_sector_serving_json.py","4/26/2026 1:09:20 PM","3051"
"C:\Users\Rand Sobczak Jr\_rts\3_AI\the_Spine\src\spine\jobs\equities\export_industry_panel_serving_json.py","4/24/2026 9:50:24 AM","2751"
"C:\Users\Rand Sobczak Jr\_rts\3_AI\the_Spine\src\spine\jobs\equity\build_equity_index_hist_t1.py","4/24/2026 9:32:51 AM","4791"
"C:\Users\Rand Sobczak Jr\_rts\3_AI\the_Spine\src\spine\jobs\equity\build_equity_index_update_t1.py","4/24/2026 9:32:51 AM","6381"
"C:\Users\Rand Sobczak Jr\_rts\3_AI\the_Spine\src\spine\jobs\equity\build_equity_sector_hist_t1.py","4/24/2026 9:32:51 AM","4560"
"C:\Users\Rand Sobczak Jr\_rts\3_AI\the_Spine\src\spine\jobs\equity\build_equity_sector_update_t1.py","4/24/2026 9:32:51 AM","6139"
"C:\Users\Rand Sobczak Jr\_rts\3_AI\the_Spine\src\spine\jobs\equity\build_vinv_components_hist_t3.py","4/24/2026 9:32:51 AM","5634"
"C:\Users\Rand Sobczak Jr\_rts\3_AI\the_Spine\src\spine\jobs\equity\build_vinv_components_update_t3.py","4/24/2026 9:32:51 AM","10404"
"C:\Users\Rand Sobczak Jr\_rts\3_AI\the_Spine\src\spine\jobs\equity\build_vinv_equal_weight_t3.py","4/24/2026 9:32:51 AM","3797"
"C:\Users\Rand Sobczak Jr\_rts\3_AI\the_Spine\src\spine\jobs\equity\validate_equity_index_t1.py","4/24/2026 9:32:51 AM","2579"
"C:\Users\Rand Sobczak Jr\_rts\3_AI\the_Spine\src\spine\jobs\equity\validate_equity_sector_t1.py","4/24/2026 9:32:51 AM","2579"
"C:\Users\Rand Sobczak Jr\_rts\3_AI\the_Spine\src\spine\jobs\equity\validate_vinv_components_t3.py","4/24/2026 9:32:51 AM","2640"
"C:\Users\Rand Sobczak Jr\_rts\3_AI\the_Spine\src\spine\jobs\equity\validate_vinv_equal_weight_t3.py","4/24/2026 9:32:51 AM","2640"
"C:\Users\Rand Sobczak Jr\_rts\3_AI\the_Spine\src\spine\jobs\equity\__init__.py","4/24/2026 9:32:51 AM","0"
"C:\Users\Rand Sobczak Jr\_rts\3_AI\the_Spine\src\spine\jobs\fx\build_fx_cross_hist_t2.py","2/25/2026 9:57:15 AM","1594"
"C:\Users\Rand Sobczak Jr\_rts\3_AI\the_Spine\src\spine\jobs\fx\build_fx_cross_update_t2.py","2/25/2026 9:56:54 AM","5493"
"C:\Users\Rand Sobczak Jr\_rts\3_AI\the_Spine\src\spine\jobs\fx\build_fx_spot_hist_t1.py","2/25/2026 10:01:03 AM","6071"
"C:\Users\Rand Sobczak Jr\_rts\3_AI\the_Spine\src\spine\jobs\fx\build_fx_spot_hist_t2.py","2/23/2026 9:08:31 PM","5653"
"C:\Users\Rand Sobczak Jr\_rts\3_AI\the_Spine\src\spine\jobs\fx\build_fx_spot_update_t1.py","2/24/2026 12:13:43 PM","9330"
"C:\Users\Rand Sobczak Jr\_rts\3_AI\the_Spine\src\spine\jobs\fx\build_fx_spot_update_t2.py","4/14/2026 3:58:19 PM","8192"
"C:\Users\Rand Sobczak Jr\_rts\3_AI\the_Spine\src\spine\jobs\fx\export_fx_serving_json.py","4/26/2026 4:08:59 PM","10264"
"C:\Users\Rand Sobczak Jr\_rts\3_AI\the_Spine\src\spine\jobs\fx\validate_fx_cross_t2.py","2/25/2026 9:57:15 AM","1550"
"C:\Users\Rand Sobczak Jr\_rts\3_AI\the_Spine\src\spine\jobs\fx\validate_fx_spot_t1.py","2/24/2026 9:56:16 AM","5042"
"C:\Users\Rand Sobczak Jr\_rts\3_AI\the_Spine\src\spine\jobs\fx\validate_fx_spot_t2.py","2/24/2026 9:56:27 AM","4583"
"C:\Users\Rand Sobczak Jr\_rts\3_AI\the_Spine\src\spine\jobs\fx\__init__.py","2/24/2026 9:03:02 AM","34"
"C:\Users\Rand Sobczak Jr\_rts\3_AI\the_Spine\src\spine\jobs\geoscen\scrape_fed_text_t1.py","4/27/2026 4:12:33 PM","0"
"C:\Users\Rand Sobczak Jr\_rts\3_AI\the_Spine\src\spine\jobs\rates\rates_constants.py","4/24/2026 9:32:51 AM","3627"
"C:\Users\Rand Sobczak Jr\_rts\3_AI\the_Spine\src\spine\jobs\rates\__init__.py","2/28/2026 10:57:02 AM","0"
"C:\Users\Rand Sobczak Jr\_rts\3_AI\the_Spine\src\spine\jobs\rates\canonical\build_ir_diff_canonical.py","1/21/2026 9:58:43 AM","1523"
"C:\Users\Rand Sobczak Jr\_rts\3_AI\the_Spine\src\spine\jobs\rates\canonical\build_ir_yields_canonical.py","1/21/2026 5:53:56 PM","6811"
"C:\Users\Rand Sobczak Jr\_rts\3_AI\the_Spine\src\spine\jobs\rates\canonical\validate_ir_diff_canonical.py","1/19/2026 2:47:42 PM","1312"
"C:\Users\Rand Sobczak Jr\_rts\3_AI\the_Spine\src\spine\jobs\rates\canonical\__init__.py","3/8/2026 1:11:16 PM","0"
"C:\Users\Rand Sobczak Jr\_rts\3_AI\the_Spine\src\spine\jobs\rates\derive\build_rates_china_y10_proxy_t1.py","4/24/2026 4:01:33 PM","1053"
"C:\Users\Rand Sobczak Jr\_rts\3_AI\the_Spine\src\spine\jobs\rates\derive\build_rates_policy_pressure_cn_t1.py","4/24/2026 3:54:23 PM","1440"
"C:\Users\Rand Sobczak Jr\_rts\3_AI\the_Spine\src\spine\jobs\rates\derive\build_rates_selected_global_panel_t1.py","4/25/2026 3:58:44 PM","5267"
"C:\Users\Rand Sobczak Jr\_rts\3_AI\the_Spine\src\spine\jobs\rates\derive\build_rates_sigma_rank_t2.py","4/25/2026 4:15:28 PM","5150"
"C:\Users\Rand Sobczak Jr\_rts\3_AI\the_Spine\src\spine\jobs\rates\derive\build_rates_spreads_t2.py","3/21/2026 4:52:34 PM","6133"
"C:\Users\Rand Sobczak Jr\_rts\3_AI\the_Spine\src\spine\jobs\rates\derive\__init__.py","3/8/2026 1:11:21 PM","0"
"C:\Users\Rand Sobczak Jr\_rts\3_AI\the_Spine\src\spine\jobs\rates\ingest\build_rates_yields_daily_hist_t1.py","4/24/2026 9:32:51 AM","2978"
"C:\Users\Rand Sobczak Jr\_rts\3_AI\the_Spine\src\spine\jobs\rates\ingest\build_rates_yields_daily_update_t1.py","4/1/2026 6:43:42 PM","7012"
"C:\Users\Rand Sobczak Jr\_rts\3_AI\the_Spine\src\spine\jobs\rates\ingest\build_rates_yields_monthly_hist_t1.py","3/6/2026 5:18:11 PM","3015"
"C:\Users\Rand Sobczak Jr\_rts\3_AI\the_Spine\src\spine\jobs\rates\ingest\build_rates_yields_monthly_update_t1.py","3/24/2026 6:28:52 PM","5227"
"C:\Users\Rand Sobczak Jr\_rts\3_AI\the_Spine\src\spine\jobs\rates\ingest\__init__.py","3/8/2026 1:11:27 PM","0"
"C:\Users\Rand Sobczak Jr\_rts\3_AI\the_Spine\src\spine\jobs\rates\lab\build_rates_yields_daily_lab_hist_t1.py","3/8/2026 2:15:23 PM","155"
"C:\Users\Rand Sobczak Jr\_rts\3_AI\the_Spine\src\spine\jobs\rates\lab\build_rates_yields_daily_lab_update_t1.py","3/8/2026 2:15:12 PM","144"
"C:\Users\Rand Sobczak Jr\_rts\3_AI\the_Spine\src\spine\jobs\rates\lab\validate_rates_yields_daily_lab_t1.py","3/8/2026 2:14:50 PM","128"
"C:\Users\Rand Sobczak Jr\_rts\3_AI\the_Spine\src\spine\jobs\rates\lab\__init__.py","3/8/2026 1:12:21 PM","0"
"C:\Users\Rand Sobczak Jr\_rts\3_AI\the_Spine\src\spine\jobs\rates\validate\validate_rates_spreads_t2.py","3/6/2026 5:30:41 PM","3601"
"C:\Users\Rand Sobczak Jr\_rts\3_AI\the_Spine\src\spine\jobs\rates\validate\validate_rates_yields_daily_t1.py","3/6/2026 5:18:40 PM","2306"
"C:\Users\Rand Sobczak Jr\_rts\3_AI\the_Spine\src\spine\jobs\rates\validate\validate_rates_yields_monthly_t1.py","3/6/2026 8:12:20 PM","2326"
"C:\Users\Rand Sobczak Jr\_rts\3_AI\the_Spine\src\spine\jobs\rates\validate\__init__.py","3/8/2026 1:11:45 PM","0"
