"Name","FullName","LastWriteTime","Length"
"daily_energy_wti_price_update_t1.yml","C:\Users\Rand Sobczak Jr\_rts\3_AI\the_Spine\.github\workflows\daily_energy_wti_price_update_t1.yml","4/26/2026 2:13:43 PM","1921"
"daily_equity_index_update_t1.yml","C:\Users\Rand Sobczak Jr\_rts\3_AI\the_Spine\.github\workflows\daily_equity_index_update_t1.yml","4/26/2026 5:12:07 PM","2533"
"daily_equity_sector_update_t1.yml","C:\Users\Rand Sobczak Jr\_rts\3_AI\the_Spine\.github\workflows\daily_equity_sector_update_t1.yml","4/26/2026 1:12:12 PM","1573"
"daily_fx_cross_update_t2.yml","C:\Users\Rand Sobczak Jr\_rts\3_AI\the_Spine\.github\workflows\daily_fx_cross_update_t2.yml","4/26/2026 3:36:23 PM","2284"
"daily_fx_spot_t1.yml","C:\Users\Rand Sobczak Jr\_rts\3_AI\the_Spine\.github\workflows\daily_fx_spot_t1.yml","2/25/2026 10:01:33 AM","1200"
"daily_fx_spot_t2.yml","C:\Users\Rand Sobczak Jr\_rts\3_AI\the_Spine\.github\workflows\daily_fx_spot_t2.yml","3/6/2026 12:39:27 PM","1546"
"daily_ir_canonical_build.yml","C:\Users\Rand Sobczak Jr\_rts\3_AI\the_Spine\.github\workflows\daily_ir_canonical_build.yml","3/9/2026 3:08:07 PM","2089"
"daily_rates_spreads_update_t2.yml","C:\Users\Rand Sobczak Jr\_rts\3_AI\the_Spine\.github\workflows\daily_rates_spreads_update_t2.yml","3/21/2026 9:32:06 AM","1365"
"daily_rates_yields_daily_update_t1.yml","C:\Users\Rand Sobczak Jr\_rts\3_AI\the_Spine\.github\workflows\daily_rates_yields_daily_update_t1.yml","3/9/2026 4:53:40 PM","1391"
"daily_vinv_components_update_t3.yml","C:\Users\Rand Sobczak Jr\_rts\3_AI\the_Spine\.github\workflows\daily_vinv_components_update_t3.yml","2/28/2026 10:35:59 AM","1405"
"daily_vinv_equal_weight_t3.yml","C:\Users\Rand Sobczak Jr\_rts\3_AI\the_Spine\.github\workflows\daily_vinv_equal_weight_t3.yml","2/28/2026 10:36:06 AM","1425"
"us_fed_rate_monitor.yml","C:\Users\Rand Sobczak Jr\_rts\3_AI\the_Spine\.github\workflows\us_fed_rate_monitor.yml","2/23/2026 6:53:17 PM","2064"
"weekly_energy_crude_stocks_ex_spr_update_t2.yml","C:\Users\Rand Sobczak Jr\_rts\3_AI\the_Spine\.github\workflows\weekly_energy_crude_stocks_ex_spr_update_t2.yml","4/26/2026 2:11:22 PM","2004"
"weekly_rates_yields_monthly_update_t1.yml","C:\Users\Rand Sobczak Jr\_rts\3_AI\the_Spine\.github\workflows\weekly_rates_yields_monthly_update_t1.yml","3/9/2026 3:57:08 PM","1436"
"wti_inventory_oc_overlay.yml","C:\Users\Rand Sobczak Jr\_rts\3_AI\the_Spine\.github\workflows\wti_inventory_oc_overlay.yml","4/27/2026 1:10:42 PM","755"
"wti_inventory_refresh.yml","C:\Users\Rand Sobczak Jr\_rts\3_AI\the_Spine\.github\workflows\wti_inventory_refresh.yml","4/27/2026 1:54:17 PM","840"
"wti_spine_refresh.yml","C:\Users\Rand Sobczak Jr\_rts\3_AI\the_Spine\.github\workflows\wti_spine_refresh.yml","4/26/2026 6:49:17 PM","2055"
