asset_id,file,error
A_COMBINED,C:\Users\Rand Sobczak Jr\_rts\3_AI\the_Spine\the_OracleChambers\the_OracleChambers\VinV_1_0\data_yahoo_combined\A_combined.csv,MS is not supported as period frequency
AA_COMBINED,C:\Users\Rand Sobczak Jr\_rts\3_AI\the_Spine\the_OracleChambers\the_OracleChambers\VinV_1_0\data_yahoo_combined\AA_combined.csv,MS is not supported as period frequency
AAL_COMBINED,C:\Users\Rand Sobczak Jr\_rts\3_AI\the_Spine\the_OracleChambers\the_OracleChambers\VinV_1_0\data_yahoo_combined\AAL_combined.csv,MS is not supported as period frequency
AAMI_COMBINED,C:\Users\Rand Sobczak Jr\_rts\3_AI\the_Spine\the_OracleChambers\the_OracleChambers\VinV_1_0\data_yahoo_combined\AAMI_combined.csv,MS is not supported as period frequency
AAOI_COMBINED,C:\Users\Rand Sobczak Jr\_rts\3_AI\the_Spine\the_OracleChambers\the_OracleChambers\VinV_1_0\data_yahoo_combined\AAOI_combined.csv,MS is not supported as period frequency
AAON_COMBINED,C:\Users\Rand Sobczak Jr\_rts\3_AI\the_Spine\the_OracleChambers\the_OracleChambers\VinV_1_0\data_yahoo_combined\AAON_combined.csv,MS is not supported as period frequency
AAP_COMBINED,C:\Users\Rand Sobczak Jr\_rts\3_AI\the_Spine\the_OracleChambers\the_OracleChambers\VinV_1_0\data_yahoo_combined\AAP_combined.csv,MS is not supported as period frequency
AAPG_COMBINED,C:\Users\Rand Sobczak Jr\_rts\3_AI\the_Spine\the_OracleChambers\the_OracleChambers\VinV_1_0\data_yahoo_combined\AAPG_combined.csv,MS is not supported as period frequency
AAPL_COMBINED,C:\Users\Rand Sobczak Jr\_rts\3_AI\the_Spine\the_OracleChambers\the_OracleChambers\VinV_1_0\data_yahoo_combined\AAPL_combined.csv,MS is not supported as period frequency
AAT_COMBINED,C:\Users\Rand Sobczak Jr\_rts\3_AI\the_Spine\the_OracleChambers\the_OracleChambers\VinV_1_0\data_yahoo_combined\AAT_combined.csv,MS is not supported as period frequency
AAUC_COMBINED,C:\Users\Rand Sobczak Jr\_rts\3_AI\the_Spine\the_OracleChambers\the_OracleChambers\VinV_1_0\data_yahoo_combined\AAUC_combined.csv,MS is not supported as period frequency
AB_COMBINED,C:\Users\Rand Sobczak Jr\_rts\3_AI\the_Spine\the_OracleChambers\the_OracleChambers\VinV_1_0\data_yahoo_combined\AB_combined.csv,MS is not supported as period frequency
ABBV_COMBINED,C:\Users\Rand Sobczak Jr\_rts\3_AI\the_Spine\the_OracleChambers\the_OracleChambers\VinV_1_0\data_yahoo_combined\ABBV_combined.csv,MS is not supported as period frequency
ABCB_COMBINED,C:\Users\Rand Sobczak Jr\_rts\3_AI\the_Spine\the_OracleChambers\the_OracleChambers\VinV_1_0\data_yahoo_combined\ABCB_combined.csv,MS is not supported as period frequency
ABCL_COMBINED,C:\Users\Rand Sobczak Jr\_rts\3_AI\the_Spine\the_OracleChambers\the_OracleChambers\VinV_1_0\data_yahoo_combined\ABCL_combined.csv,MS is not supported as period frequency
ABEV_COMBINED,C:\Users\Rand Sobczak Jr\_rts\3_AI\the_Spine\the_OracleChambers\the_OracleChambers\VinV_1_0\data_yahoo_combined\ABEV_combined.csv,MS is not supported as period frequency
ABG_COMBINED,C:\Users\Rand Sobczak Jr\_rts\3_AI\the_Spine\the_OracleChambers\the_OracleChambers\VinV_1_0\data_yahoo_combined\ABG_combined.csv,MS is not supported as period frequency
ABM_COMBINED,C:\Users\Rand Sobczak Jr\_rts\3_AI\the_Spine\the_OracleChambers\the_OracleChambers\VinV_1_0\data_yahoo_combined\ABM_combined.csv,MS is not supported as period frequency
ABNB_COMBINED,C:\Users\Rand Sobczak Jr\_rts\3_AI\the_Spine\the_OracleChambers\the_OracleChambers\VinV_1_0\data_yahoo_combined\ABNB_combined.csv,MS is not supported as period frequency
ABR_COMBINED,C:\Users\Rand Sobczak Jr\_rts\3_AI\the_Spine\the_OracleChambers\the_OracleChambers\VinV_1_0\data_yahoo_combined\ABR_combined.csv,MS is not supported as period frequency
ABT_COMBINED,C:\Users\Rand Sobczak Jr\_rts\3_AI\the_Spine\the_OracleChambers\the_OracleChambers\VinV_1_0\data_yahoo_combined\ABT_combined.csv,MS is not supported as period frequency
ABTC_COMBINED,C:\Users\Rand Sobczak Jr\_rts\3_AI\the_Spine\the_OracleChambers\the_OracleChambers\VinV_1_0\data_yahoo_combined\ABTC_combined.csv,MS is not supported as period frequency
ABVX_COMBINED,C:\Users\Rand Sobczak Jr\_rts\3_AI\the_Spine\the_OracleChambers\the_OracleChambers\VinV_1_0\data_yahoo_combined\ABVX_combined.csv,MS is not supported as period frequency
ACA_COMBINED,C:\Users\Rand Sobczak Jr\_rts\3_AI\the_Spine\the_OracleChambers\the_OracleChambers\VinV_1_0\data_yahoo_combined\ACA_combined.csv,MS is not supported as period frequency
ACAD_COMBINED,C:\Users\Rand Sobczak Jr\_rts\3_AI\the_Spine\the_OracleChambers\the_OracleChambers\VinV_1_0\data_yahoo_combined\ACAD_combined.csv,MS is not supported as period frequency
ACGL_COMBINED,C:\Users\Rand Sobczak Jr\_rts\3_AI\the_Spine\the_OracleChambers\the_OracleChambers\VinV_1_0\data_yahoo_combined\ACGL_combined.csv,MS is not supported as period frequency
ACHC_COMBINED,C:\Users\Rand Sobczak Jr\_rts\3_AI\the_Spine\the_OracleChambers\the_OracleChambers\VinV_1_0\data_yahoo_combined\ACHC_combined.csv,MS is not supported as period frequency
ACHR_COMBINED,C:\Users\Rand Sobczak Jr\_rts\3_AI\the_Spine\the_OracleChambers\the_OracleChambers\VinV_1_0\data_yahoo_combined\ACHR_combined.csv,MS is not supported as period frequency
ACI_COMBINED,C:\Users\Rand Sobczak Jr\_rts\3_AI\the_Spine\the_OracleChambers\the_OracleChambers\VinV_1_0\data_yahoo_combined\ACI_combined.csv,MS is not supported as period frequency
ACIW_COMBINED,C:\Users\Rand Sobczak Jr\_rts\3_AI\the_Spine\the_OracleChambers\the_OracleChambers\VinV_1_0\data_yahoo_combined\ACIW_combined.csv,MS is not supported as period frequency
ACLS_COMBINED,C:\Users\Rand Sobczak Jr\_rts\3_AI\the_Spine\the_OracleChambers\the_OracleChambers\VinV_1_0\data_yahoo_combined\ACLS_combined.csv,MS is not supported as period frequency
ACLX_COMBINED,C:\Users\Rand Sobczak Jr\_rts\3_AI\the_Spine\the_OracleChambers\the_OracleChambers\VinV_1_0\data_yahoo_combined\ACLX_combined.csv,MS is not supported as period frequency
ACM_COMBINED,C:\Users\Rand Sobczak Jr\_rts\3_AI\the_Spine\the_OracleChambers\the_OracleChambers\VinV_1_0\data_yahoo_combined\ACM_combined.csv,MS is not supported as period frequency
ACMR_COMBINED,C:\Users\Rand Sobczak Jr\_rts\3_AI\the_Spine\the_OracleChambers\the_OracleChambers\VinV_1_0\data_yahoo_combined\ACMR_combined.csv,MS is not supported as period frequency
ACN_COMBINED,C:\Users\Rand Sobczak Jr\_rts\3_AI\the_Spine\the_OracleChambers\the_OracleChambers\VinV_1_0\data_yahoo_combined\ACN_combined.csv,MS is not supported as period frequency
ACT_COMBINED,C:\Users\Rand Sobczak Jr\_rts\3_AI\the_Spine\the_OracleChambers\the_OracleChambers\VinV_1_0\data_yahoo_combined\ACT_combined.csv,MS is not supported as period frequency
ACVA_COMBINED,C:\Users\Rand Sobczak Jr\_rts\3_AI\the_Spine\the_OracleChambers\the_OracleChambers\VinV_1_0\data_yahoo_combined\ACVA_combined.csv,MS is not supported as period frequency
ACWI_COMBINED,C:\Users\Rand Sobczak Jr\_rts\3_AI\the_Spine\the_OracleChambers\the_OracleChambers\VinV_1_0\data_yahoo_combined\ACWI_combined.csv,MS is not supported as period frequency
AD_COMBINED,C:\Users\Rand Sobczak Jr\_rts\3_AI\the_Spine\the_OracleChambers\the_OracleChambers\VinV_1_0\data_yahoo_combined\AD_combined.csv,MS is not supported as period frequency
ADBE_COMBINED,C:\Users\Rand Sobczak Jr\_rts\3_AI\the_Spine\the_OracleChambers\the_OracleChambers\VinV_1_0\data_yahoo_combined\ADBE_combined.csv,MS is not supported as period frequency
ADC_COMBINED,C:\Users\Rand Sobczak Jr\_rts\3_AI\the_Spine\the_OracleChambers\the_OracleChambers\VinV_1_0\data_yahoo_combined\ADC_combined.csv,MS is not supported as period frequency
ADEA_COMBINED,C:\Users\Rand Sobczak Jr\_rts\3_AI\the_Spine\the_OracleChambers\the_OracleChambers\VinV_1_0\data_yahoo_combined\ADEA_combined.csv,MS is not supported as period frequency
ADI_COMBINED,C:\Users\Rand Sobczak Jr\_rts\3_AI\the_Spine\the_OracleChambers\the_OracleChambers\VinV_1_0\data_yahoo_combined\ADI_combined.csv,MS is not supported as period frequency
ADM_COMBINED,C:\Users\Rand Sobczak Jr\_rts\3_AI\the_Spine\the_OracleChambers\the_OracleChambers\VinV_1_0\data_yahoo_combined\ADM_combined.csv,MS is not supported as period frequency
ADMA_COMBINED,C:\Users\Rand Sobczak Jr\_rts\3_AI\the_Spine\the_OracleChambers\the_OracleChambers\VinV_1_0\data_yahoo_combined\ADMA_combined.csv,MS is not supported as period frequency
ADNT_COMBINED,C:\Users\Rand Sobczak Jr\_rts\3_AI\the_Spine\the_OracleChambers\the_OracleChambers\VinV_1_0\data_yahoo_combined\ADNT_combined.csv,MS is not supported as period frequency
ADP_COMBINED,C:\Users\Rand Sobczak Jr\_rts\3_AI\the_Spine\the_OracleChambers\the_OracleChambers\VinV_1_0\data_yahoo_combined\ADP_combined.csv,MS is not supported as period frequency
ADPT_COMBINED,C:\Users\Rand Sobczak Jr\_rts\3_AI\the_Spine\the_OracleChambers\the_OracleChambers\VinV_1_0\data_yahoo_combined\ADPT_combined.csv,MS is not supported as period frequency
ADSK_COMBINED,C:\Users\Rand Sobczak Jr\_rts\3_AI\the_Spine\the_OracleChambers\the_OracleChambers\VinV_1_0\data_yahoo_combined\ADSK_combined.csv,MS is not supported as period frequency
ADT_COMBINED,C:\Users\Rand Sobczak Jr\_rts\3_AI\the_Spine\the_OracleChambers\the_OracleChambers\VinV_1_0\data_yahoo_combined\ADT_combined.csv,MS is not supported as period frequency
ADUS_COMBINED,C:\Users\Rand Sobczak Jr\_rts\3_AI\the_Spine\the_OracleChambers\the_OracleChambers\VinV_1_0\data_yahoo_combined\ADUS_combined.csv,MS is not supported as period frequency
ADX_COMBINED,C:\Users\Rand Sobczak Jr\_rts\3_AI\the_Spine\the_OracleChambers\the_OracleChambers\VinV_1_0\data_yahoo_combined\ADX_combined.csv,MS is not supported as period frequency
AEE_COMBINED,C:\Users\Rand Sobczak Jr\_rts\3_AI\the_Spine\the_OracleChambers\the_OracleChambers\VinV_1_0\data_yahoo_combined\AEE_combined.csv,MS is not supported as period frequency
AEG_COMBINED,C:\Users\Rand Sobczak Jr\_rts\3_AI\the_Spine\the_OracleChambers\the_OracleChambers\VinV_1_0\data_yahoo_combined\AEG_combined.csv,MS is not supported as period frequency
AEIS_COMBINED,C:\Users\Rand Sobczak Jr\_rts\3_AI\the_Spine\the_OracleChambers\the_OracleChambers\VinV_1_0\data_yahoo_combined\AEIS_combined.csv,MS is not supported as period frequency
AEM_COMBINED,C:\Users\Rand Sobczak Jr\_rts\3_AI\the_Spine\the_OracleChambers\the_OracleChambers\VinV_1_0\data_yahoo_combined\AEM_combined.csv,MS is not supported as period frequency
AEO_COMBINED,C:\Users\Rand Sobczak Jr\_rts\3_AI\the_Spine\the_OracleChambers\the_OracleChambers\VinV_1_0\data_yahoo_combined\AEO_combined.csv,MS is not supported as period frequency
AEP_COMBINED,C:\Users\Rand Sobczak Jr\_rts\3_AI\the_Spine\the_OracleChambers\the_OracleChambers\VinV_1_0\data_yahoo_combined\AEP_combined.csv,MS is not supported as period frequency
AER_COMBINED,C:\Users\Rand Sobczak Jr\_rts\3_AI\the_Spine\the_OracleChambers\the_OracleChambers\VinV_1_0\data_yahoo_combined\AER_combined.csv,MS is not supported as period frequency
AERO_COMBINED,C:\Users\Rand Sobczak Jr\_rts\3_AI\the_Spine\the_OracleChambers\the_OracleChambers\VinV_1_0\data_yahoo_combined\AERO_combined.csv,MS is not supported as period frequency
AES_COMBINED,C:\Users\Rand Sobczak Jr\_rts\3_AI\the_Spine\the_OracleChambers\the_OracleChambers\VinV_1_0\data_yahoo_combined\AES_combined.csv,MS is not supported as period frequency
AESI_COMBINED,C:\Users\Rand Sobczak Jr\_rts\3_AI\the_Spine\the_OracleChambers\the_OracleChambers\VinV_1_0\data_yahoo_combined\AESI_combined.csv,MS is not supported as period frequency
AFG_COMBINED,C:\Users\Rand Sobczak Jr\_rts\3_AI\the_Spine\the_OracleChambers\the_OracleChambers\VinV_1_0\data_yahoo_combined\AFG_combined.csv,MS is not supported as period frequency
AFL_COMBINED,C:\Users\Rand Sobczak Jr\_rts\3_AI\the_Spine\the_OracleChambers\the_OracleChambers\VinV_1_0\data_yahoo_combined\AFL_combined.csv,MS is not supported as period frequency
AFRM_COMBINED,C:\Users\Rand Sobczak Jr\_rts\3_AI\the_Spine\the_OracleChambers\the_OracleChambers\VinV_1_0\data_yahoo_combined\AFRM_combined.csv,MS is not supported as period frequency
AFYA_COMBINED,C:\Users\Rand Sobczak Jr\_rts\3_AI\the_Spine\the_OracleChambers\the_OracleChambers\VinV_1_0\data_yahoo_combined\AFYA_combined.csv,MS is not supported as period frequency
AG_COMBINED,C:\Users\Rand Sobczak Jr\_rts\3_AI\the_Spine\the_OracleChambers\the_OracleChambers\VinV_1_0\data_yahoo_combined\AG_combined.csv,MS is not supported as period frequency
AGCO_COMBINED,C:\Users\Rand Sobczak Jr\_rts\3_AI\the_Spine\the_OracleChambers\the_OracleChambers\VinV_1_0\data_yahoo_combined\AGCO_combined.csv,MS is not supported as period frequency
AGG_COMBINED,C:\Users\Rand Sobczak Jr\_rts\3_AI\the_Spine\the_OracleChambers\the_OracleChambers\VinV_1_0\data_yahoo_combined\AGG_combined.csv,MS is not supported as period frequency
AGI_COMBINED,C:\Users\Rand Sobczak Jr\_rts\3_AI\the_Spine\the_OracleChambers\the_OracleChambers\VinV_1_0\data_yahoo_combined\AGI_combined.csv,MS is not supported as period frequency
AGIO_COMBINED,C:\Users\Rand Sobczak Jr\_rts\3_AI\the_Spine\the_OracleChambers\the_OracleChambers\VinV_1_0\data_yahoo_combined\AGIO_combined.csv,MS is not supported as period frequency
AGM_COMBINED,C:\Users\Rand Sobczak Jr\_rts\3_AI\the_Spine\the_OracleChambers\the_OracleChambers\VinV_1_0\data_yahoo_combined\AGM_combined.csv,MS is not supported as period frequency
AGNC_COMBINED,C:\Users\Rand Sobczak Jr\_rts\3_AI\the_Spine\the_OracleChambers\the_OracleChambers\VinV_1_0\data_yahoo_combined\AGNC_combined.csv,MS is not supported as period frequency
AGO_COMBINED,C:\Users\Rand Sobczak Jr\_rts\3_AI\the_Spine\the_OracleChambers\the_OracleChambers\VinV_1_0\data_yahoo_combined\AGO_combined.csv,MS is not supported as period frequency
AGX_COMBINED,C:\Users\Rand Sobczak Jr\_rts\3_AI\the_Spine\the_OracleChambers\the_OracleChambers\VinV_1_0\data_yahoo_combined\AGX_combined.csv,MS is not supported as period frequency
AGYS_COMBINED,C:\Users\Rand Sobczak Jr\_rts\3_AI\the_Spine\the_OracleChambers\the_OracleChambers\VinV_1_0\data_yahoo_combined\AGYS_combined.csv,MS is not supported as period frequency
AHCO_COMBINED,C:\Users\Rand Sobczak Jr\_rts\3_AI\the_Spine\the_OracleChambers\the_OracleChambers\VinV_1_0\data_yahoo_combined\AHCO_combined.csv,MS is not supported as period frequency
AHL_COMBINED,C:\Users\Rand Sobczak Jr\_rts\3_AI\the_Spine\the_OracleChambers\the_OracleChambers\VinV_1_0\data_yahoo_combined\AHL_combined.csv,MS is not supported as period frequency
AHR_COMBINED,C:\Users\Rand Sobczak Jr\_rts\3_AI\the_Spine\the_OracleChambers\the_OracleChambers\VinV_1_0\data_yahoo_combined\AHR_combined.csv,MS is not supported as period frequency
AI_COMBINED,C:\Users\Rand Sobczak Jr\_rts\3_AI\the_Spine\the_OracleChambers\the_OracleChambers\VinV_1_0\data_yahoo_combined\AI_combined.csv,MS is not supported as period frequency
AIG_COMBINED,C:\Users\Rand Sobczak Jr\_rts\3_AI\the_Spine\the_OracleChambers\the_OracleChambers\VinV_1_0\data_yahoo_combined\AIG_combined.csv,MS is not supported as period frequency
AIN_COMBINED,C:\Users\Rand Sobczak Jr\_rts\3_AI\the_Spine\the_OracleChambers\the_OracleChambers\VinV_1_0\data_yahoo_combined\AIN_combined.csv,MS is not supported as period frequency
AIR_COMBINED,C:\Users\Rand Sobczak Jr\_rts\3_AI\the_Spine\the_OracleChambers\the_OracleChambers\VinV_1_0\data_yahoo_combined\AIR_combined.csv,MS is not supported as period frequency
AIT_COMBINED,C:\Users\Rand Sobczak Jr\_rts\3_AI\the_Spine\the_OracleChambers\the_OracleChambers\VinV_1_0\data_yahoo_combined\AIT_combined.csv,MS is not supported as period frequency
AIZ_COMBINED,C:\Users\Rand Sobczak Jr\_rts\3_AI\the_Spine\the_OracleChambers\the_OracleChambers\VinV_1_0\data_yahoo_combined\AIZ_combined.csv,MS is not supported as period frequency
AJG_COMBINED,C:\Users\Rand Sobczak Jr\_rts\3_AI\the_Spine\the_OracleChambers\the_OracleChambers\VinV_1_0\data_yahoo_combined\AJG_combined.csv,MS is not supported as period frequency
AKAM_COMBINED,C:\Users\Rand Sobczak Jr\_rts\3_AI\the_Spine\the_OracleChambers\the_OracleChambers\VinV_1_0\data_yahoo_combined\AKAM_combined.csv,MS is not supported as period frequency
AKR_COMBINED,C:\Users\Rand Sobczak Jr\_rts\3_AI\the_Spine\the_OracleChambers\the_OracleChambers\VinV_1_0\data_yahoo_combined\AKR_combined.csv,MS is not supported as period frequency
AKRO_COMBINED,C:\Users\Rand Sobczak Jr\_rts\3_AI\the_Spine\the_OracleChambers\the_OracleChambers\VinV_1_0\data_yahoo_combined\AKRO_combined.csv,MS is not supported as period frequency
AL_COMBINED,C:\Users\Rand Sobczak Jr\_rts\3_AI\the_Spine\the_OracleChambers\the_OracleChambers\VinV_1_0\data_yahoo_combined\AL_combined.csv,MS is not supported as period frequency
ALAB_COMBINED,C:\Users\Rand Sobczak Jr\_rts\3_AI\the_Spine\the_OracleChambers\the_OracleChambers\VinV_1_0\data_yahoo_combined\ALAB_combined.csv,MS is not supported as period frequency
ALB_COMBINED,C:\Users\Rand Sobczak Jr\_rts\3_AI\the_Spine\the_OracleChambers\the_OracleChambers\VinV_1_0\data_yahoo_combined\ALB_combined.csv,MS is not supported as period frequency
ALC_COMBINED,C:\Users\Rand Sobczak Jr\_rts\3_AI\the_Spine\the_OracleChambers\the_OracleChambers\VinV_1_0\data_yahoo_combined\ALC_combined.csv,MS is not supported as period frequency
ALE_COMBINED,C:\Users\Rand Sobczak Jr\_rts\3_AI\the_Spine\the_OracleChambers\the_OracleChambers\VinV_1_0\data_yahoo_combined\ALE_combined.csv,MS is not supported as period frequency
ALEX_COMBINED,C:\Users\Rand Sobczak Jr\_rts\3_AI\the_Spine\the_OracleChambers\the_OracleChambers\VinV_1_0\data_yahoo_combined\ALEX_combined.csv,MS is not supported as period frequency
ALG_COMBINED,C:\Users\Rand Sobczak Jr\_rts\3_AI\the_Spine\the_OracleChambers\the_OracleChambers\VinV_1_0\data_yahoo_combined\ALG_combined.csv,MS is not supported as period frequency
ALGM_COMBINED,C:\Users\Rand Sobczak Jr\_rts\3_AI\the_Spine\the_OracleChambers\the_OracleChambers\VinV_1_0\data_yahoo_combined\ALGM_combined.csv,MS is not supported as period frequency
ALGN_COMBINED,C:\Users\Rand Sobczak Jr\_rts\3_AI\the_Spine\the_OracleChambers\the_OracleChambers\VinV_1_0\data_yahoo_combined\ALGN_combined.csv,MS is not supported as period frequency
ALGT_COMBINED,C:\Users\Rand Sobczak Jr\_rts\3_AI\the_Spine\the_OracleChambers\the_OracleChambers\VinV_1_0\data_yahoo_combined\ALGT_combined.csv,MS is not supported as period frequency
ALH_COMBINED,C:\Users\Rand Sobczak Jr\_rts\3_AI\the_Spine\the_OracleChambers\the_OracleChambers\VinV_1_0\data_yahoo_combined\ALH_combined.csv,MS is not supported as period frequency
ALHC_COMBINED,C:\Users\Rand Sobczak Jr\_rts\3_AI\the_Spine\the_OracleChambers\the_OracleChambers\VinV_1_0\data_yahoo_combined\ALHC_combined.csv,MS is not supported as period frequency
ALIT_COMBINED,C:\Users\Rand Sobczak Jr\_rts\3_AI\the_Spine\the_OracleChambers\the_OracleChambers\VinV_1_0\data_yahoo_combined\ALIT_combined.csv,MS is not supported as period frequency
ALK_COMBINED,C:\Users\Rand Sobczak Jr\_rts\3_AI\the_Spine\the_OracleChambers\the_OracleChambers\VinV_1_0\data_yahoo_combined\ALK_combined.csv,MS is not supported as period frequency
ALKS_COMBINED,C:\Users\Rand Sobczak Jr\_rts\3_AI\the_Spine\the_OracleChambers\the_OracleChambers\VinV_1_0\data_yahoo_combined\ALKS_combined.csv,MS is not supported as period frequency
ALKT_COMBINED,C:\Users\Rand Sobczak Jr\_rts\3_AI\the_Spine\the_OracleChambers\the_OracleChambers\VinV_1_0\data_yahoo_combined\ALKT_combined.csv,MS is not supported as period frequency
ALL_COMBINED,C:\Users\Rand Sobczak Jr\_rts\3_AI\the_Spine\the_OracleChambers\the_OracleChambers\VinV_1_0\data_yahoo_combined\ALL_combined.csv,MS is not supported as period frequency
ALLE_COMBINED,C:\Users\Rand Sobczak Jr\_rts\3_AI\the_Spine\the_OracleChambers\the_OracleChambers\VinV_1_0\data_yahoo_combined\ALLE_combined.csv,MS is not supported as period frequency
ALLY_COMBINED,C:\Users\Rand Sobczak Jr\_rts\3_AI\the_Spine\the_OracleChambers\the_OracleChambers\VinV_1_0\data_yahoo_combined\ALLY_combined.csv,MS is not supported as period frequency
ALM_COMBINED,C:\Users\Rand Sobczak Jr\_rts\3_AI\the_Spine\the_OracleChambers\the_OracleChambers\VinV_1_0\data_yahoo_combined\ALM_combined.csv,MS is not supported as period frequency
ALMS_COMBINED,C:\Users\Rand Sobczak Jr\_rts\3_AI\the_Spine\the_OracleChambers\the_OracleChambers\VinV_1_0\data_yahoo_combined\ALMS_combined.csv,MS is not supported as period frequency
ALNY_COMBINED,C:\Users\Rand Sobczak Jr\_rts\3_AI\the_Spine\the_OracleChambers\the_OracleChambers\VinV_1_0\data_yahoo_combined\ALNY_combined.csv,MS is not supported as period frequency
ALRM_COMBINED,C:\Users\Rand Sobczak Jr\_rts\3_AI\the_Spine\the_OracleChambers\the_OracleChambers\VinV_1_0\data_yahoo_combined\ALRM_combined.csv,MS is not supported as period frequency
ALSN_COMBINED,C:\Users\Rand Sobczak Jr\_rts\3_AI\the_Spine\the_OracleChambers\the_OracleChambers\VinV_1_0\data_yahoo_combined\ALSN_combined.csv,MS is not supported as period frequency
ALV_COMBINED,C:\Users\Rand Sobczak Jr\_rts\3_AI\the_Spine\the_OracleChambers\the_OracleChambers\VinV_1_0\data_yahoo_combined\ALV_combined.csv,MS is not supported as period frequency
ALVO_COMBINED,C:\Users\Rand Sobczak Jr\_rts\3_AI\the_Spine\the_OracleChambers\the_OracleChambers\VinV_1_0\data_yahoo_combined\ALVO_combined.csv,MS is not supported as period frequency
ALX_COMBINED,C:\Users\Rand Sobczak Jr\_rts\3_AI\the_Spine\the_OracleChambers\the_OracleChambers\VinV_1_0\data_yahoo_combined\ALX_combined.csv,MS is not supported as period frequency
AM_COMBINED,C:\Users\Rand Sobczak Jr\_rts\3_AI\the_Spine\the_OracleChambers\the_OracleChambers\VinV_1_0\data_yahoo_combined\AM_combined.csv,MS is not supported as period frequency
AMAT_COMBINED,C:\Users\Rand Sobczak Jr\_rts\3_AI\the_Spine\the_OracleChambers\the_OracleChambers\VinV_1_0\data_yahoo_combined\AMAT_combined.csv,MS is not supported as period frequency
AMBA_COMBINED,C:\Users\Rand Sobczak Jr\_rts\3_AI\the_Spine\the_OracleChambers\the_OracleChambers\VinV_1_0\data_yahoo_combined\AMBA_combined.csv,MS is not supported as period frequency
AMBP_COMBINED,C:\Users\Rand Sobczak Jr\_rts\3_AI\the_Spine\the_OracleChambers\the_OracleChambers\VinV_1_0\data_yahoo_combined\AMBP_combined.csv,MS is not supported as period frequency
AMC_COMBINED,C:\Users\Rand Sobczak Jr\_rts\3_AI\the_Spine\the_OracleChambers\the_OracleChambers\VinV_1_0\data_yahoo_combined\AMC_combined.csv,MS is not supported as period frequency
AMCR_COMBINED,C:\Users\Rand Sobczak Jr\_rts\3_AI\the_Spine\the_OracleChambers\the_OracleChambers\VinV_1_0\data_yahoo_combined\AMCR_combined.csv,MS is not supported as period frequency
AMD_COMBINED,C:\Users\Rand Sobczak Jr\_rts\3_AI\the_Spine\the_OracleChambers\the_OracleChambers\VinV_1_0\data_yahoo_combined\AMD_combined.csv,MS is not supported as period frequency
AME_COMBINED,C:\Users\Rand Sobczak Jr\_rts\3_AI\the_Spine\the_OracleChambers\the_OracleChambers\VinV_1_0\data_yahoo_combined\AME_combined.csv,MS is not supported as period frequency
AMG_COMBINED,C:\Users\Rand Sobczak Jr\_rts\3_AI\the_Spine\the_OracleChambers\the_OracleChambers\VinV_1_0\data_yahoo_combined\AMG_combined.csv,MS is not supported as period frequency
AMGN_COMBINED,C:\Users\Rand Sobczak Jr\_rts\3_AI\the_Spine\the_OracleChambers\the_OracleChambers\VinV_1_0\data_yahoo_combined\AMGN_combined.csv,MS is not supported as period frequency
AMH_COMBINED,C:\Users\Rand Sobczak Jr\_rts\3_AI\the_Spine\the_OracleChambers\the_OracleChambers\VinV_1_0\data_yahoo_combined\AMH_combined.csv,MS is not supported as period frequency
AMKR_COMBINED,C:\Users\Rand Sobczak Jr\_rts\3_AI\the_Spine\the_OracleChambers\the_OracleChambers\VinV_1_0\data_yahoo_combined\AMKR_combined.csv,MS is not supported as period frequency
AMLX_COMBINED,C:\Users\Rand Sobczak Jr\_rts\3_AI\the_Spine\the_OracleChambers\the_OracleChambers\VinV_1_0\data_yahoo_combined\AMLX_combined.csv,MS is not supported as period frequency
AMP_COMBINED,C:\Users\Rand Sobczak Jr\_rts\3_AI\the_Spine\the_OracleChambers\the_OracleChambers\VinV_1_0\data_yahoo_combined\AMP_combined.csv,MS is not supported as period frequency
AMPH_COMBINED,C:\Users\Rand Sobczak Jr\_rts\3_AI\the_Spine\the_OracleChambers\the_OracleChambers\VinV_1_0\data_yahoo_combined\AMPH_combined.csv,MS is not supported as period frequency
AMPL_COMBINED,C:\Users\Rand Sobczak Jr\_rts\3_AI\the_Spine\the_OracleChambers\the_OracleChambers\VinV_1_0\data_yahoo_combined\AMPL_combined.csv,MS is not supported as period frequency
AMPX_COMBINED,C:\Users\Rand Sobczak Jr\_rts\3_AI\the_Spine\the_OracleChambers\the_OracleChambers\VinV_1_0\data_yahoo_combined\AMPX_combined.csv,MS is not supported as period frequency
AMR_COMBINED,C:\Users\Rand Sobczak Jr\_rts\3_AI\the_Spine\the_OracleChambers\the_OracleChambers\VinV_1_0\data_yahoo_combined\AMR_combined.csv,MS is not supported as period frequency
AMRC_COMBINED,C:\Users\Rand Sobczak Jr\_rts\3_AI\the_Spine\the_OracleChambers\the_OracleChambers\VinV_1_0\data_yahoo_combined\AMRC_combined.csv,MS is not supported as period frequency
AMRX_COMBINED,C:\Users\Rand Sobczak Jr\_rts\3_AI\the_Spine\the_OracleChambers\the_OracleChambers\VinV_1_0\data_yahoo_combined\AMRX_combined.csv,MS is not supported as period frequency
AMRZ_COMBINED,C:\Users\Rand Sobczak Jr\_rts\3_AI\the_Spine\the_OracleChambers\the_OracleChambers\VinV_1_0\data_yahoo_combined\AMRZ_combined.csv,MS is not supported as period frequency
AMSC_COMBINED,C:\Users\Rand Sobczak Jr\_rts\3_AI\the_Spine\the_OracleChambers\the_OracleChambers\VinV_1_0\data_yahoo_combined\AMSC_combined.csv,MS is not supported as period frequency
AMT_COMBINED,C:\Users\Rand Sobczak Jr\_rts\3_AI\the_Spine\the_OracleChambers\the_OracleChambers\VinV_1_0\data_yahoo_combined\AMT_combined.csv,MS is not supported as period frequency
AMTM_COMBINED,C:\Users\Rand Sobczak Jr\_rts\3_AI\the_Spine\the_OracleChambers\the_OracleChambers\VinV_1_0\data_yahoo_combined\AMTM_combined.csv,MS is not supported as period frequency
AMX_COMBINED,C:\Users\Rand Sobczak Jr\_rts\3_AI\the_Spine\the_OracleChambers\the_OracleChambers\VinV_1_0\data_yahoo_combined\AMX_combined.csv,MS is not supported as period frequency
AMZN_COMBINED,C:\Users\Rand Sobczak Jr\_rts\3_AI\the_Spine\the_OracleChambers\the_OracleChambers\VinV_1_0\data_yahoo_combined\AMZN_combined.csv,MS is not supported as period frequency
AN_COMBINED,C:\Users\Rand Sobczak Jr\_rts\3_AI\the_Spine\the_OracleChambers\the_OracleChambers\VinV_1_0\data_yahoo_combined\AN_combined.csv,MS is not supported as period frequency
ANAB_COMBINED,C:\Users\Rand Sobczak Jr\_rts\3_AI\the_Spine\the_OracleChambers\the_OracleChambers\VinV_1_0\data_yahoo_combined\ANAB_combined.csv,MS is not supported as period frequency
ANDE_COMBINED,C:\Users\Rand Sobczak Jr\_rts\3_AI\the_Spine\the_OracleChambers\the_OracleChambers\VinV_1_0\data_yahoo_combined\ANDE_combined.csv,MS is not supported as period frequency
ANET_COMBINED,C:\Users\Rand Sobczak Jr\_rts\3_AI\the_Spine\the_OracleChambers\the_OracleChambers\VinV_1_0\data_yahoo_combined\ANET_combined.csv,MS is not supported as period frequency
ANF_COMBINED,C:\Users\Rand Sobczak Jr\_rts\3_AI\the_Spine\the_OracleChambers\the_OracleChambers\VinV_1_0\data_yahoo_combined\ANF_combined.csv,MS is not supported as period frequency
ANIP_COMBINED,C:\Users\Rand Sobczak Jr\_rts\3_AI\the_Spine\the_OracleChambers\the_OracleChambers\VinV_1_0\data_yahoo_combined\ANIP_combined.csv,MS is not supported as period frequency
AON_COMBINED,C:\Users\Rand Sobczak Jr\_rts\3_AI\the_Spine\the_OracleChambers\the_OracleChambers\VinV_1_0\data_yahoo_combined\AON_combined.csv,MS is not supported as period frequency
AORT_COMBINED,C:\Users\Rand Sobczak Jr\_rts\3_AI\the_Spine\the_OracleChambers\the_OracleChambers\VinV_1_0\data_yahoo_combined\AORT_combined.csv,MS is not supported as period frequency
AOS_COMBINED,C:\Users\Rand Sobczak Jr\_rts\3_AI\the_Spine\the_OracleChambers\the_OracleChambers\VinV_1_0\data_yahoo_combined\AOS_combined.csv,MS is not supported as period frequency
APA_COMBINED,C:\Users\Rand Sobczak Jr\_rts\3_AI\the_Spine\the_OracleChambers\the_OracleChambers\VinV_1_0\data_yahoo_combined\APA_combined.csv,MS is not supported as period frequency
APAM_COMBINED,C:\Users\Rand Sobczak Jr\_rts\3_AI\the_Spine\the_OracleChambers\the_OracleChambers\VinV_1_0\data_yahoo_combined\APAM_combined.csv,MS is not supported as period frequency
APD_COMBINED,C:\Users\Rand Sobczak Jr\_rts\3_AI\the_Spine\the_OracleChambers\the_OracleChambers\VinV_1_0\data_yahoo_combined\APD_combined.csv,MS is not supported as period frequency
APG_COMBINED,C:\Users\Rand Sobczak Jr\_rts\3_AI\the_Spine\the_OracleChambers\the_OracleChambers\VinV_1_0\data_yahoo_combined\APG_combined.csv,MS is not supported as period frequency
APGE_COMBINED,C:\Users\Rand Sobczak Jr\_rts\3_AI\the_Spine\the_OracleChambers\the_OracleChambers\VinV_1_0\data_yahoo_combined\APGE_combined.csv,MS is not supported as period frequency
APH_COMBINED,C:\Users\Rand Sobczak Jr\_rts\3_AI\the_Spine\the_OracleChambers\the_OracleChambers\VinV_1_0\data_yahoo_combined\APH_combined.csv,MS is not supported as period frequency
APLD_COMBINED,C:\Users\Rand Sobczak Jr\_rts\3_AI\the_Spine\the_OracleChambers\the_OracleChambers\VinV_1_0\data_yahoo_combined\APLD_combined.csv,MS is not supported as period frequency
APLE_COMBINED,C:\Users\Rand Sobczak Jr\_rts\3_AI\the_Spine\the_OracleChambers\the_OracleChambers\VinV_1_0\data_yahoo_combined\APLE_combined.csv,MS is not supported as period frequency
APLS_COMBINED,C:\Users\Rand Sobczak Jr\_rts\3_AI\the_Spine\the_OracleChambers\the_OracleChambers\VinV_1_0\data_yahoo_combined\APLS_combined.csv,MS is not supported as period frequency
APO_COMBINED,C:\Users\Rand Sobczak Jr\_rts\3_AI\the_Spine\the_OracleChambers\the_OracleChambers\VinV_1_0\data_yahoo_combined\APO_combined.csv,MS is not supported as period frequency
APP_COMBINED,C:\Users\Rand Sobczak Jr\_rts\3_AI\the_Spine\the_OracleChambers\the_OracleChambers\VinV_1_0\data_yahoo_combined\APP_combined.csv,MS is not supported as period frequency
APPF_COMBINED,C:\Users\Rand Sobczak Jr\_rts\3_AI\the_Spine\the_OracleChambers\the_OracleChambers\VinV_1_0\data_yahoo_combined\APPF_combined.csv,MS is not supported as period frequency
APPN_COMBINED,C:\Users\Rand Sobczak Jr\_rts\3_AI\the_Spine\the_OracleChambers\the_OracleChambers\VinV_1_0\data_yahoo_combined\APPN_combined.csv,MS is not supported as period frequency
APTV_COMBINED,C:\Users\Rand Sobczak Jr\_rts\3_AI\the_Spine\the_OracleChambers\the_OracleChambers\VinV_1_0\data_yahoo_combined\APTV_combined.csv,MS is not supported as period frequency
AQN_COMBINED,C:\Users\Rand Sobczak Jr\_rts\3_AI\the_Spine\the_OracleChambers\the_OracleChambers\VinV_1_0\data_yahoo_combined\AQN_combined.csv,MS is not supported as period frequency
AR_COMBINED,C:\Users\Rand Sobczak Jr\_rts\3_AI\the_Spine\the_OracleChambers\the_OracleChambers\VinV_1_0\data_yahoo_combined\AR_combined.csv,MS is not supported as period frequency
ARCB_COMBINED,C:\Users\Rand Sobczak Jr\_rts\3_AI\the_Spine\the_OracleChambers\the_OracleChambers\VinV_1_0\data_yahoo_combined\ARCB_combined.csv,MS is not supported as period frequency
ARCC_COMBINED,C:\Users\Rand Sobczak Jr\_rts\3_AI\the_Spine\the_OracleChambers\the_OracleChambers\VinV_1_0\data_yahoo_combined\ARCC_combined.csv,MS is not supported as period frequency
ARCO_COMBINED,C:\Users\Rand Sobczak Jr\_rts\3_AI\the_Spine\the_OracleChambers\the_OracleChambers\VinV_1_0\data_yahoo_combined\ARCO_combined.csv,MS is not supported as period frequency
ARDT_COMBINED,C:\Users\Rand Sobczak Jr\_rts\3_AI\the_Spine\the_OracleChambers\the_OracleChambers\VinV_1_0\data_yahoo_combined\ARDT_combined.csv,MS is not supported as period frequency
ARDX_COMBINED,C:\Users\Rand Sobczak Jr\_rts\3_AI\the_Spine\the_OracleChambers\the_OracleChambers\VinV_1_0\data_yahoo_combined\ARDX_combined.csv,MS is not supported as period frequency
ARE_COMBINED,C:\Users\Rand Sobczak Jr\_rts\3_AI\the_Spine\the_OracleChambers\the_OracleChambers\VinV_1_0\data_yahoo_combined\ARE_combined.csv,MS is not supported as period frequency
ARES_COMBINED,C:\Users\Rand Sobczak Jr\_rts\3_AI\the_Spine\the_OracleChambers\the_OracleChambers\VinV_1_0\data_yahoo_combined\ARES_combined.csv,MS is not supported as period frequency
ARGX_COMBINED,C:\Users\Rand Sobczak Jr\_rts\3_AI\the_Spine\the_OracleChambers\the_OracleChambers\VinV_1_0\data_yahoo_combined\ARGX_combined.csv,MS is not supported as period frequency
ARHS_COMBINED,C:\Users\Rand Sobczak Jr\_rts\3_AI\the_Spine\the_OracleChambers\the_OracleChambers\VinV_1_0\data_yahoo_combined\ARHS_combined.csv,MS is not supported as period frequency
ARI_COMBINED,C:\Users\Rand Sobczak Jr\_rts\3_AI\the_Spine\the_OracleChambers\the_OracleChambers\VinV_1_0\data_yahoo_combined\ARI_combined.csv,MS is not supported as period frequency
ARLO_COMBINED,C:\Users\Rand Sobczak Jr\_rts\3_AI\the_Spine\the_OracleChambers\the_OracleChambers\VinV_1_0\data_yahoo_combined\ARLO_combined.csv,MS is not supported as period frequency
ARLP_COMBINED,C:\Users\Rand Sobczak Jr\_rts\3_AI\the_Spine\the_OracleChambers\the_OracleChambers\VinV_1_0\data_yahoo_combined\ARLP_combined.csv,MS is not supported as period frequency
ARM_COMBINED,C:\Users\Rand Sobczak Jr\_rts\3_AI\the_Spine\the_OracleChambers\the_OracleChambers\VinV_1_0\data_yahoo_combined\ARM_combined.csv,MS is not supported as period frequency
ARMK_COMBINED,C:\Users\Rand Sobczak Jr\_rts\3_AI\the_Spine\the_OracleChambers\the_OracleChambers\VinV_1_0\data_yahoo_combined\ARMK_combined.csv,MS is not supported as period frequency
AROC_COMBINED,C:\Users\Rand Sobczak Jr\_rts\3_AI\the_Spine\the_OracleChambers\the_OracleChambers\VinV_1_0\data_yahoo_combined\AROC_combined.csv,MS is not supported as period frequency
ARQT_COMBINED,C:\Users\Rand Sobczak Jr\_rts\3_AI\the_Spine\the_OracleChambers\the_OracleChambers\VinV_1_0\data_yahoo_combined\ARQT_combined.csv,MS is not supported as period frequency
ARR_COMBINED,C:\Users\Rand Sobczak Jr\_rts\3_AI\the_Spine\the_OracleChambers\the_OracleChambers\VinV_1_0\data_yahoo_combined\ARR_combined.csv,MS is not supported as period frequency
ARRY_COMBINED,C:\Users\Rand Sobczak Jr\_rts\3_AI\the_Spine\the_OracleChambers\the_OracleChambers\VinV_1_0\data_yahoo_combined\ARRY_combined.csv,MS is not supported as period frequency
ARW_COMBINED,C:\Users\Rand Sobczak Jr\_rts\3_AI\the_Spine\the_OracleChambers\the_OracleChambers\VinV_1_0\data_yahoo_combined\ARW_combined.csv,MS is not supported as period frequency
ARWR_COMBINED,C:\Users\Rand Sobczak Jr\_rts\3_AI\the_Spine\the_OracleChambers\the_OracleChambers\VinV_1_0\data_yahoo_combined\ARWR_combined.csv,MS is not supported as period frequency
ARX_COMBINED,C:\Users\Rand Sobczak Jr\_rts\3_AI\the_Spine\the_OracleChambers\the_OracleChambers\VinV_1_0\data_yahoo_combined\ARX_combined.csv,MS is not supported as period frequency
AS_COMBINED,C:\Users\Rand Sobczak Jr\_rts\3_AI\the_Spine\the_OracleChambers\the_OracleChambers\VinV_1_0\data_yahoo_combined\AS_combined.csv,MS is not supported as period frequency
ASAN_COMBINED,C:\Users\Rand Sobczak Jr\_rts\3_AI\the_Spine\the_OracleChambers\the_OracleChambers\VinV_1_0\data_yahoo_combined\ASAN_combined.csv,MS is not supported as period frequency
ASB_COMBINED,C:\Users\Rand Sobczak Jr\_rts\3_AI\the_Spine\the_OracleChambers\the_OracleChambers\VinV_1_0\data_yahoo_combined\ASB_combined.csv,MS is not supported as period frequency
ASGN_COMBINED,C:\Users\Rand Sobczak Jr\_rts\3_AI\the_Spine\the_OracleChambers\the_OracleChambers\VinV_1_0\data_yahoo_combined\ASGN_combined.csv,MS is not supported as period frequency
ASH_COMBINED,C:\Users\Rand Sobczak Jr\_rts\3_AI\the_Spine\the_OracleChambers\the_OracleChambers\VinV_1_0\data_yahoo_combined\ASH_combined.csv,MS is not supported as period frequency
ASML_COMBINED,C:\Users\Rand Sobczak Jr\_rts\3_AI\the_Spine\the_OracleChambers\the_OracleChambers\VinV_1_0\data_yahoo_combined\ASML_combined.csv,MS is not supported as period frequency
ASND_COMBINED,C:\Users\Rand Sobczak Jr\_rts\3_AI\the_Spine\the_OracleChambers\the_OracleChambers\VinV_1_0\data_yahoo_combined\ASND_combined.csv,MS is not supported as period frequency
ASO_COMBINED,C:\Users\Rand Sobczak Jr\_rts\3_AI\the_Spine\the_OracleChambers\the_OracleChambers\VinV_1_0\data_yahoo_combined\ASO_combined.csv,MS is not supported as period frequency
ASR_COMBINED,C:\Users\Rand Sobczak Jr\_rts\3_AI\the_Spine\the_OracleChambers\the_OracleChambers\VinV_1_0\data_yahoo_combined\ASR_combined.csv,MS is not supported as period frequency
ASTE_COMBINED,C:\Users\Rand Sobczak Jr\_rts\3_AI\the_Spine\the_OracleChambers\the_OracleChambers\VinV_1_0\data_yahoo_combined\ASTE_combined.csv,MS is not supported as period frequency
ASTH_COMBINED,C:\Users\Rand Sobczak Jr\_rts\3_AI\the_Spine\the_OracleChambers\the_OracleChambers\VinV_1_0\data_yahoo_combined\ASTH_combined.csv,MS is not supported as period frequency
ASTS_COMBINED,C:\Users\Rand Sobczak Jr\_rts\3_AI\the_Spine\the_OracleChambers\the_OracleChambers\VinV_1_0\data_yahoo_combined\ASTS_combined.csv,MS is not supported as period frequency
